#cosmological_parameters--omega_m	cosmological_parameters--h0	supernova_params--m	COSMOLOGICAL_PARAMETERS--OMEGA_LAMBDA	prior	post
#sampler=emcee
#n_varied=3
#module_0=consistency 1.1
#module_1=astropy_background 2.0
## CITE The Astropy Collaboration et al 2022 ApJ 935 167
#module_2=pantheon_plus 2022
## CITE ApJ 938 110 (2022)
## CITE Adam G. Riess et al 2022 ApJL 934 L7
#timestamp=2026-10-01T11:44:24.670663
#platform=macOS-26.6-arm64-arm-64bit
#platform_version=Darwin Kernel Version 25.6.0: Sat Jul 11 15:27:21 PDT 2026; root:xnu-12377.161.13~4/RELEASE_ARM64_T8140
#uuid=12d1a8c9244642b6be11f1c59e9f2309
#cosmosis_git_version=
#csl_git_version=
#cwd_git_version=31f7d38f7bc13580cbe0ca02efb269d49af5bb7a
#walkers=8
#samples=300
#nsteps=10
#a=2.0
#random_start=False
#start_points=
#covmat=
#start_method=
#start_input=
## START_OF_PARAMS_INI
## [runtime]
## sampler = emcee
## root = /Users/svs/cosmosis/cosmosis-standard-library
## resume = F
## verbosity = standard
## 
## [emcee]
## walkers = 8
## samples = 300
## nsteps = 10
## 
## [output]
## filename = /Users/svs/cosmosis/cosmosis-standard-library/Hubble-Tension/output/pantheon_plus_shoes_chain.txt
## format = text
## 
## [pipeline]
## modules = consistency astropy pantheon_plus
## values = /Users/svs/cosmosis/cosmosis-standard-library/Hubble-Tension/values.ini
## extra_output = cosmological_parameters/omega_lambda
## debug = F
## timing = F
## 
## [test]
## save_dir = output/pipeline_test
## 
## [consistency]
## file = utility/consistency/consistency_interface.py
## 
## [astropy]
## file = background/astropy_background/astropy_background.py
## model = flatlambdacdm
## nz = 300
## zmax = 3.0
## 
## [pantheon_plus]
## file = likelihood/pantheon_plus/pantheon_plus_shoes.py
## likelihood_only = T
## include_shoes = T
## 
## END_OF_PARAMS_INI
## START_OF_VALUES_INI
## [cosmological_parameters]
## omega_m = 0.1  0.3  0.5
## h0 = 0.6  0.7  0.8
## omega_k = 0.0
## w = -1.0
## omega_b = 0.04
## a_s = 2.0e-9
## n_s = 1.0
## tau = 0.08
## 
## [supernova_params]
## m = -21.0  -19.35  -18.0
## 
## END_OF_VALUES_INI
## START_OF_PRIORS_INI
## END_OF_PRIORS_INI
0.3000161131046242	0.699979551460461	-19.358428132781647	0.6999838868953758	1.4271163556401454	-733.6363259446539
0.29978486360160045	0.7001653243897934	-19.347441929034254	0.7002151363983995	1.4271163556401454	-738.3720159716811
0.2999701308372583	0.7000530393137412	-19.34872424675584	0.7000298691627417	1.4271163556401454	-737.5951707230923
0.2995805106913645	0.6999388568451916	-19.356001397906955	0.7004194893086355	1.4271163556401454	-734.1827368090203
0.30019452433416216	0.7004721711600241	-19.346907905300608	0.6998054756658378	1.4271163556401454	-737.7596052774179
0.3006343894115331	0.6999281009209034	-19.343787293802098	0.6993656105884669	1.4271163556401454	-742.3730653100934
0.29962508264282267	0.7004061263488703	-19.349575120052283	0.7003749173571774	1.4271163556401454	-736.2386055695315
0.3008211011345916	0.7003852403095217	-19.345714757419973	0.6991788988654084	1.4271163556401454	-738.7634767941735
0.3000161131046242	0.699979551460461	-19.358428132781647	0.6999838868953758	1.4271163556401454	-733.6363259446539
0.29978486360160045	0.7001653243897934	-19.347441929034254	0.7002151363983995	1.4271163556401454	-738.3720159716811
0.3000280497087044	0.7000421455278064	-19.348293777726855	0.6999719502912956	1.4271163556401454	-737.9372295418023
0.2995805106913645	0.6999388568451916	-19.356001397906955	0.7004194893086355	1.4271163556401454	-734.1827368090203
0.30017454402209554	0.7004348510718694	-19.34706963489436	0.6998254559779045	1.4271163556401454	-737.7442141828168
0.3006343894115331	0.6999281009209034	-19.343787293802098	0.6993656105884669	1.4271163556401454	-742.3730653100934
0.29951234641035684	0.7004595202103231	-19.350221601128048	0.7004876535896432	1.4271163556401454	-735.7673877133391
0.300912409888594	0.7004046183459046	-19.345562566553472	0.699087590111406	1.4271163556401454	-738.8000033449655
0.30001638630009453	0.6999827068228609	-19.358331710224718	0.6999836136999055	1.4271163556401454	-733.6420678350136
0.29988093419529227	0.7000647280234846	-19.347113166444238	0.7001190658047077	1.4271163556401454	-738.9155638689437
0.300040716613189	0.7000357294751055	-19.34833814821394	0.699959283386811	1.4271163556401454	-737.9152008582884
0.29942531679706774	0.6999061887721093	-19.358585653142335	0.7005746832029323	1.4271163556401454	-733.768704973038
0.30004795263586387	0.7003472927689219	-19.347190578182182	0.6999520473641361	1.4271163556401454	-737.9453374070553
0.30059945426470475	0.6998682232946772	-19.343564218815374	0.6994005457352952	1.4271163556401454	-742.8783739782924
0.29941864451014266	0.7005487956316983	-19.348695165143177	0.7005813554898573	1.4271163556401454	-736.5424067293499
0.3011920902019871	0.7004231650528532	-19.345035851321356	0.6988079097980129	1.4271163556401454	-739.0982944867314
0.3004525141449143	0.7000391666002529	-19.358144335344438	0.6995474858550856	1.4271163556401454	-733.5508949060554
0.29988093419529227	0.7000647280234846	-19.347113166444238	0.7001190658047077	1.4271163556401454	-738.9155638689437
0.300040716613189	0.7000357294751055	-19.34833814821394	0.699959283386811	1.4271163556401454	-737.9152008582884
0.2992609277712156	0.6998849074714184	-19.358656280079835	0.7007390722287844	1.4271163556401454	-733.8045550725917
0.2991783621246467	0.7002896267852811	-19.348828257153592	0.7008216378753533	1.4271163556401454	-737.1881886158877
0.30059945426470475	0.6998682232946772	-19.343564218815374	0.6994005457352952	1.4271163556401454	-742.8783739782924
0.29941864451014266	0.7005487956316983	-19.348695165143177	0.7005813554898573	1.4271163556401454	-736.5424067293499
0.30157611791421884	0.7004486314482261	-19.34431262113353	0.6984238820857811	1.4271163556401454	-739.5252284701539
0.30093777092806934	0.6997999672504662	-19.362579395415008	0.6990622290719306	1.4271163556401454	-733.8283166994551
0.29988093419529227	0.7000647280234846	-19.347113166444238	0.7001190658047077	1.4271163556401454	-738.9155638689437
0.3000214752263949	0.7000392215507242	-19.34819063293437	0.6999785247736051	1.4271163556401454	-738.0302834591249
0.2991800804821992	0.6995445912923377	-19.363762454248082	0.7008199195178009	1.4271163556401454	-734.1355557947545
0.29917750620423916	0.700288703588584	-19.34882873124647	0.7008224937957608	1.4271163556401454	-737.1905608470134
0.30042320021894353	0.6999164261980308	-19.344434780967234	0.6995767997810565	1.4271163556401454	-741.8040859330482
0.2989840095338009	0.701003905750315	-19.350182526832555	0.7010159904661991	1.4271163556401454	-734.8689777132271
0.30157611791421884	0.7004486314482261	-19.34431262113353	0.6984238820857811	1.4271163556401454	-739.5252284701539
0.30093777092806934	0.6997999672504662	-19.362579395415008	0.6990622290719306	1.4271163556401454	-733.8283166994551
0.3002039991208103	0.6999837931763484	-19.35184104536396	0.6997960008791897	1.4271163556401454	-735.6429073275572
0.2997405082382533	0.7002299748509057	-19.349500608858875	0.7002594917617466	1.4271163556401454	-736.6666445825958
0.29857740279983824	0.6994570278701565	-19.3641681019873	0.7014225972001618	1.4271163556401454	-734.2442323963373
0.2987263635073659	0.7004323500481474	-19.349929006671083	0.7012736364926341	1.4271163556401454	-736.2635979404198
0.30042320021894353	0.6999164261980308	-19.344434780967234	0.6995767997810565	1.4271163556401454	-741.8040859330482
0.29902249799497865	0.7007174443019423	-19.352848248161486	0.7009775020050213	1.4271163556401454	-734.2437089569343
0.30157611791421884	0.7004486314482261	-19.34431262113353	0.6984238820857811	1.4271163556401454	-739.5252284701539
0.30093777092806934	0.6997999672504662	-19.362579395415008	0.6990622290719306	1.4271163556401454	-733.8283166994551
0.2996398129062169	0.6998010842151589	-19.3561166946592	0.7003601870937831	1.4271163556401454	-734.3107262500595
0.2997405082382533	0.7002299748509057	-19.349500608858875	0.7002594917617466	1.4271163556401454	-736.6666445825958
0.29857740279983824	0.6994570278701565	-19.3641681019873	0.7014225972001618	1.4271163556401454	-734.2442323963373
0.2979759618174459	0.7004280628049717	-19.351407921902684	0.7020240381825541	1.4271163556401454	-735.667156136318
0.299968868834647	0.6997066995635608	-19.344482920610314	0.700031131165353	1.4271163556401454	-742.7746425847026
0.2980386165908892	0.7008210149100655	-19.356136930491136	0.7019613834091107	1.4271163556401454	-733.6090436009983
0.30157611791421884	0.7004486314482261	-19.34431262113353	0.6984238820857811	1.4271163556401454	-739.5252284701539
0.30093777092806934	0.6997999672504662	-19.362579395415008	0.6990622290719306	1.4271163556401454	-733.8283166994551
0.2993404351239999	0.6999132071232653	-19.355562122644756	0.7006595648760001	1.4271163556401454	-734.4005345091957
0.29883531372023253	0.7001221486851281	-19.352058962146085	0.7011646862797675	1.4271163556401454	-735.6695882971981
0.29857740279983824	0.6994570278701565	-19.3641681019873	0.7014225972001618	1.4271163556401454	-734.2442323963373
0.2976706199267939	0.7005385859824598	-19.352468931256922	0.7023293800732061	1.4271163556401454	-735.0362681047721
0.299968868834647	0.6997066995635608	-19.344482920610314	0.700031131165353	1.4271163556401454	-742.7746425847026
0.2984972675168073	0.7005562403102215	-19.35336779892308	0.7015027324831927	1.4271163556401454	-734.4297081054541
0.3028509136668913	0.7006004842659616	-19.340709663051655	0.6971490863331087	1.4271163556401454	-742.170256550702
0.2999689458991435	0.6999919698929722	-19.359855455319558	0.7000310541008565	1.4271163556401454	-733.6000050672035
0.2993404351239999	0.6999132071232653	-19.355562122644756	0.7006595648760001	1.4271163556401454	-734.4005345091957
0.29883531372023253	0.7001221486851281	-19.352058962146085	0.7011646862797675	1.4271163556401454	-735.6695882971981
0.29857740279983824	0.6994570278701565	-19.3641681019873	0.7014225972001618	1.4271163556401454	-734.2442323963373
0.29776225000386625	0.7004292949314986	-19.353651128172604	0.7022377499961338	1.4271163556401454	-734.7086587371873
0.29989354574242383	0.6997501828325905	-19.344937688148526	0.7001064542575761	1.4271163556401454	-742.1359415307236
0.2984972675168073	0.7005562403102215	-19.35336779892308	0.7015027324831927	1.4271163556401454	-734.4297081054541
0.30269269880311456	0.7005816378171702	-19.341156826074375	0.6973073011968854	1.4271163556401454	-741.8125739063105
0.2999689458991435	0.6999919698929722	-19.359855455319558	0.7000310541008565	1.4271163556401454	-733.6000050672035
0.3000306283407692	0.6996596444279037	-19.356051708819923	0.6999693716592308	1.4271163556401454	-734.4277398568282
0.29914265481602526	0.7000868556744193	-19.354172683686325	0.7008573451839748	1.4271163556401454	-734.6793572995584
0.2981870591535116	0.6992236607277714	-19.368570653819518	0.7018129408464884	1.4271163556401454	-735.5142534966059
0.2981387591030292	0.7003546780091354	-19.354709717908513	0.7018612408969708	1.4271163556401454	-734.3592568150168
0.30094490685050984	0.7000624770926606	-19.343517597409072	0.6990550931494901	1.4271163556401454	-742.0082042599909
0.2986014238713738	0.7006147995899826	-19.35297793529848	0.7013985761286262	1.4271163556401454	-734.4554070011583
0.30269269880311456	0.7005816378171702	-19.341156826074375	0.6973073011968854	1.4271163556401454	-741.8125739063105
0.29973272408259505	0.7000387845515955	-19.359191296097507	0.7002672759174049	1.4271163556401454	-733.6104740773311
0.3000306283407692	0.6996596444279037	-19.356051708819923	0.6999693716592308	1.4271163556401454	-734.4277398568282
0.29914265481602526	0.7000868556744193	-19.354172683686325	0.7008573451839748	1.4271163556401454	-734.6793572995584
0.2981870591535116	0.6992236607277714	-19.368570653819518	0.7018129408464884	1.4271163556401454	-735.5142534966059
0.2974960768649425	0.7005261347204818	-19.35505352090655	0.7025039231350575	1.4271163556401454	-734.1963289058353
0.30094490685050984	0.7000624770926606	-19.343517597409072	0.6990550931494901	1.4271163556401454	-742.0082042599909
0.2984638706608446	0.7005374637714342	-19.353492805403675	0.7015361293391553	1.4271163556401454	-734.4219667711541
0.30269269880311456	0.7005816378171702	-19.341156826074375	0.6973073011968854	1.4271163556401454	-741.8125739063105
0.2996214208605108	0.7000478520817358	-19.35824464836748	0.7003785791394892	1.4271163556401454	-733.6709167486453
0.29938821650778547	0.699879266567137	-19.35579870637227	0.7006117834922145	1.4271163556401454	-734.3617023183231
0.29884218875248825	0.7001338615185323	-19.35543493838332	0.7011578112475118	1.4271163556401454	-734.2653987924922
0.2982259101495217	0.6994080553625869	-19.366454450507423	0.7017740898504783	1.4271163556401454	-734.8372376405933
0.2974960768649425	0.7005261347204818	-19.35505352090655	0.7025039231350575	1.4271163556401454	-734.1963289058353
0.30094490685050984	0.7000624770926606	-19.343517597409072	0.6990550931494901	1.4271163556401454	-742.0082042599909
0.2983936193860914	0.7002040371032973	-19.357319373460598	0.7016063806139086	1.4271163556401454	-733.8768089639461
0.30049973155861515	0.6999206885386156	-19.354499576708406	0.6995002684413849	1.4271163556401454	-734.4648359080707
0.2998671530434429	0.7000122744950028	-19.357196858973584	0.7001328469565571	1.4271163556401454	-733.7855501828856
0.29938821650778547	0.699879266567137	-19.35579870637227	0.7006117834922145	1.4271163556401454	-734.3617023183231
0.29875948371009375	0.7001436724553858	-19.355292767852696	0.7012405162899062	1.4271163556401454	-734.3136114731834
0.2979533442279954	0.6992975542754264	-19.368953269084038	0.7020466557720046	1.4271163556401454	-735.7627082370175
0.2945333403035757	0.7011233330411588	-19.35559991884379	0.7054666596964243	1.4271163556401454	-734.1079006072712
0.30094490685050984	0.7000624770926606	-19.343517597409072	0.6990550931494901	1.4271163556401454	-742.0082042599909
0.2983510461194368	0.7000019758239512	-19.3596383278544	0.7016489538805633	1.4271163556401454	-733.8187560945818
0.30049973155861515	0.6999206885386156	-19.354499576708406	0.6995002684413849	1.4271163556401454	-734.4648359080707
0.2998671530434429	0.7000122744950028	-19.357196858973584	0.7001328469565571	1.4271163556401454	-733.7855501828856
0.2991402701389593	0.6999835373799977	-19.355599185018782	0.7008597298610407	1.4271163556401454	-734.3424096204577
0.29830095254397854	0.7003365021291543	-19.354923789838164	0.7016990474560214	1.4271163556401454	-734.2802675969529
0.2986129204375092	0.6994528164111534	-19.36523169084477	0.7013870795624908	1.4271163556401454	-734.4792721230241
0.2945333403035757	0.7011233330411588	-19.35559991884379	0.7054666596964243	1.4271163556401454	-734.1079006072712
0.30094490685050984	0.7000624770926606	-19.343517597409072	0.6990550931494901	1.4271163556401454	-742.0082042599909
0.2972748394004704	0.6999946653244035	-19.361371401671345	0.7027251605995296	1.4271163556401454	-734.0075339738635
0.30056213064630033	0.6999116542764864	-19.354233510206715	0.6994378693536997	1.4271163556401454	-734.5618315045558
0.30142248966415697	0.6995644220836925	-19.363976226973612	0.698577510335843	1.4271163556401454	-734.0540972069684
0.2991402701389593	0.6999835373799977	-19.355599185018782	0.7008597298610407	1.4271163556401454	-734.3424096204577
0.29804061984673585	0.7004459818609376	-19.354714301260625	0.7019593801532642	1.4271163556401454	-734.2619843800275
0.2986129204375092	0.6994528164111534	-19.36523169084477	0.7013870795624908	1.4271163556401454	-734.4792721230241
0.2943639285016184	0.7011513638689661	-19.355919168099195	0.7056360714983816	1.4271163556401454	-734.0717564496131
0.29800140880594517	0.700549507428712	-19.349064492891877	0.7019985911940548	1.4271163556401454	-736.7998277115977
0.2972748394004704	0.6999946653244035	-19.361371401671345	0.7027251605995296	1.4271163556401454	-734.0075339738635
0.3006318614214413	0.6999081289907769	-19.35416653488618	0.6993681385785586	1.4271163556401454	-734.5751107348815
0.30323098381855396	0.699157827187658	-19.366040549084094	0.696769016181446	1.4271163556401454	-734.4310653236867
0.29877025724036177	0.7000514879272262	-19.354241027514142	0.7012297427596382	1.4271163556401454	-734.8073726404617
0.2991360038323513	0.7002358298294483	-19.354355339434385	0.7008639961676487	1.4271163556401454	-734.3933319784682
0.29848409970142903	0.6993717532669598	-19.365858300362426	0.7015159002985709	1.4271163556401454	-734.6230613863244
0.2943639285016184	0.7011513638689661	-19.355919168099195	0.7056360714983816	1.4271163556401454	-734.0717564496131
0.29798407148906597	0.7005952816682479	-19.34656640776023	0.702015928510934	1.4271163556401454	-738.5772735719397
0.2991627783536458	0.699798826012543	-19.362557073278573	0.7008372216463542	1.4271163556401454	-733.9589904271775
0.3006318614214413	0.6999081289907769	-19.35416653488618	0.6993681385785586	1.4271163556401454	-734.5751107348815
0.3047719160446464	0.6990883825622017	-19.366099710614364	0.6952280839553536	1.4271163556401454	-734.403031332146
0.2984273238635828	0.7001344884784906	-19.354431285920835	0.7015726761364172	1.4271163556401454	-734.6958046729018
0.2991360038323513	0.7002358298294483	-19.354355339434385	0.7008639961676487	1.4271163556401454	-734.3933319784682
0.298186593540839	0.6992310371935706	-19.366353916355102	0.701813406459161	1.4271163556401454	-734.7139198298328
0.2939861182788486	0.7012093984661796	-19.356895253430473	0.7060138817211514	1.4271163556401454	-734.007530458521
0.29798407148906597	0.7005952816682479	-19.34656640776023	0.702015928510934	1.4271163556401454	-738.5772735719397
0.2992577635607303	0.6997376849847705	-19.36456945249163	0.7007422364392697	1.4271163556401454	-734.3898476739391
0.3015430826276578	0.6997085057407629	-19.35405152212734	0.6984569173723423	1.4271163556401454	-734.7075619339545
0.3047719160446464	0.6990883825622017	-19.366099710614364	0.6952280839553536	1.4271163556401454	-734.403031332146
0.29514039964869604	0.7006764414944541	-19.348386259451015	0.7048596003513039	1.4271163556401454	-738.0487581067954
0.29954979023637207	0.700106710888859	-19.35715320690238	0.7004502097636279	1.4271163556401454	-733.768582731488
0.2982010345490935	0.6992256077290253	-19.366365531349953	0.7017989654509065	1.4271163556401454	-734.714025559666
0.2921914070910121	0.7014850801037409	-19.361531949736584	0.7078085929089879	1.4271163556401454	-734.7496348527566
0.29798407148906597	0.7005952816682479	-19.34656640776023	0.702015928510934	1.4271163556401454	-738.5772735719397
0.2992577635607303	0.6997376849847705	-19.36456945249163	0.7007422364392697	1.4271163556401454	-734.3898476739391
0.30162713174166533	0.6997074325910038	-19.353664695298164	0.6983728682583347	1.4271163556401454	-734.8529497089271
0.3044957167104402	0.6991427523342822	-19.36500757117958	0.6955042832895598	1.4271163556401454	-734.0559730008879
0.29514039964869604	0.7006764414944541	-19.348386259451015	0.7048596003513039	1.4271163556401454	-738.0487581067954
0.3013659952478146	0.6997525461141922	-19.360264714643318	0.6986340047521854	1.4271163556401454	-733.5150693610125
0.2982010345490935	0.6992256077290253	-19.366365531349953	0.7017989654509065	1.4271163556401454	-734.714025559666
0.2931984700843442	0.7012360497913607	-19.361964839957995	0.7068015299156558	1.4271163556401454	-734.6867365218728
0.2964477886331992	0.7008009822686265	-19.351509641722277	0.7035522113668008	1.4271163556401454	-735.3660540893608
0.30111071618796575	0.699279479912554	-19.365365951894727	0.6988892838120342	1.4271163556401454	-734.3266592003363
0.30162713174166533	0.6997074325910038	-19.353664695298164	0.6983728682583347	1.4271163556401454	-734.8529497089271
0.3044957167104402	0.6991427523342822	-19.36500757117958	0.6955042832895598	1.4271163556401454	-734.0559730008879
0.2968956334499312	0.7002657439759138	-19.353378177369564	0.7031043665500688	1.4271163556401454	-735.3351094546342
0.3013659952478146	0.6997525461141922	-19.360264714643318	0.6986340047521854	1.4271163556401454	-733.5150693610125
0.29660733687665586	0.6989602709498679	-19.369437562351557	0.7033926631233441	1.4271163556401454	-735.6590637723702
0.2931984700843442	0.7012360497913607	-19.361964839957995	0.7068015299156558	1.4271163556401454	-734.6867365218728
0.2964477886331992	0.7008009822686265	-19.351509641722277	0.7035522113668008	1.4271163556401454	-735.3660540893608
0.30110327570208345	0.6992656916982102	-19.365514635001652	0.6988967242979165	1.4271163556401454	-734.3641234465289
0.30162713174166533	0.6997074325910038	-19.353664695298164	0.6983728682583347	1.4271163556401454	-734.8529497089271
0.3044957167104402	0.6991427523342822	-19.36500757117958	0.6955042832895598	1.4271163556401454	-734.0559730008879
0.29601636864777814	0.7004747234269705	-19.35084203969929	0.7039836313522219	1.4271163556401454	-736.5399703605361
0.3021513270542518	0.6996623899653105	-19.361474508615665	0.6978486729457483	1.4271163556401454	-733.543558237618
0.29660733687665586	0.6989602709498679	-19.369437562351557	0.7033926631233441	1.4271163556401454	-735.6590637723702
0.2931984700843442	0.7012360497913607	-19.361964839957995	0.7068015299156558	1.4271163556401454	-734.6867365218728
0.2964477886331992	0.7008009822686265	-19.351509641722277	0.7035522113668008	1.4271163556401454	-735.3660540893608
0.30110327570208345	0.6992656916982102	-19.365514635001652	0.6988967242979165	1.4271163556401454	-734.3641234465289
0.2984331533971921	0.7002866906551459	-19.356809973086893	0.7015668466028079	1.4271163556401454	-733.8762320144193
0.3044957167104402	0.6991427523342822	-19.36500757117958	0.6955042832895598	1.4271163556401454	-734.0559730008879
0.29574569136720336	0.7005053845328556	-19.350163024408886	0.7042543086327966	1.4271163556401454	-736.9947309489929
0.3026643982801544	0.699657309577973	-19.361676251753728	0.6973356017198455	1.4271163556401454	-733.527950933602
0.2969770335226296	0.6991400797195446	-19.367744112867168	0.7030229664773704	1.4271163556401454	-735.1485922308852
0.2863975283884393	0.7024314635863234	-19.36233731489891	0.7136024716115608	1.4271163556401454	-736.0166262851964
0.2956524057884628	0.7010070193324311	-19.34938620691811	0.7043475942115371	1.4271163556401454	-736.3546232045779
0.2993160777278334	0.699690464361319	-19.360359669062344	0.7006839222721666	1.4271163556401454	-733.8082143310687
0.2990212865809147	0.7001343398279912	-19.358380113152233	0.7009787134190852	1.4271163556401454	-733.7027094206225
0.3016028583891605	0.6995932541031181	-19.360099794462748	0.6983971416108394	1.4271163556401454	-733.5399197290984
0.2953554721738695	0.7005661529554007	-19.34950101180446	0.7046445278261305	1.4271163556401454	-737.4394706327467
0.3033087263510116	0.6996961896435185	-19.362633121762762	0.6966912736489884	1.4271163556401454	-733.6798179450057
0.29719293289863613	0.6992450863556515	-19.366755154241332	0.7028070671013639	1.4271163556401454	-734.8857262717044
0.2863975283884393	0.7024314635863234	-19.36233731489891	0.7136024716115608	1.4271163556401454	-736.0166262851964
0.2956524057884628	0.7010070193324311	-19.34938620691811	0.7043475942115371	1.4271163556401454	-736.3546232045779
0.29966189779026076	0.6996757636695875	-19.360320369337725	0.7003381022097392	1.4271163556401454	-733.7662868847734
0.29906238286170594	0.7001236941910083	-19.35848982795628	0.7009376171382941	1.4271163556401454	-733.695156725754
0.30552442919205264	0.6999028657906415	-19.354181448530028	0.6944755708079473	1.4271163556401454	-733.448984313941
0.294643575798055	0.7007133434474927	-19.347712460903395	0.705356424201945	1.4271163556401454	-738.6800890454759
0.3033087263510116	0.6996961896435185	-19.362633121762762	0.6966912736489884	1.4271163556401454	-733.6798179450057
0.2948702791420601	0.700191901620965	-19.365037532489467	0.7051297208579399	1.4271163556401454	-734.9750065236318
0.29133571445777967	0.701632744790051	-19.362423692536822	0.7086642855422203	1.4271163556401454	-735.1815607456007
0.2963251959828589	0.7008327388370355	-19.351182355935073	0.7036748040171411	1.4271163556401454	-735.503806866307
0.29966189779026076	0.6996757636695875	-19.360320369337725	0.7003381022097392	1.4271163556401454	-733.7662868847734
0.3009792602693979	0.6996271436363063	-19.363607318520422	0.6990207397306021	1.4271163556401454	-734.0060487820228
0.3083500789049276	0.6996923927812693	-19.355861380458883	0.6916499210950724	1.4271163556401454	-732.8273501050054
0.29476143102463437	0.7006805862541288	-19.347188316944788	0.7052385689753656	1.4271163556401454	-739.1636544165364
0.3033087263510116	0.6996961896435185	-19.362633121762762	0.6966912736489884	1.4271163556401454	-733.6798179450057
0.2948702791420601	0.700191901620965	-19.365037532489467	0.7051297208579399	1.4271163556401454	-734.9750065236318
0.29133571445777967	0.701632744790051	-19.362423692536822	0.7086642855422203	1.4271163556401454	-735.1815607456007
0.30166469991021255	0.700326381953333	-19.353260020223615	0.6983353000897874	1.4271163556401454	-734.0192513161649
0.2992532061632772	0.6996908472937383	-19.35930064346078	0.7007467938367228	1.4271163556401454	-733.8791008638555
0.2992231498528389	0.6997894910652835	-19.36401845314281	0.7007768501471612	1.4271163556401454	-734.2613316930638
0.31325643455588614	0.6993355928499946	-19.35899290131058	0.6867435654441139	1.4271163556401454	-732.4883131206183
0.29380475550103474	0.7008913846598666	-19.34460858711548	0.7061952444989652	1.4271163556401454	-741.3358575722214
0.2972247961960579	0.6999167274458663	-19.364859448321965	0.7027752038039421	1.4271163556401454	-734.6567404369547
0.28759159584552707	0.7006194839001199	-19.367111485642354	0.7124084041544729	1.4271163556401454	-736.3710718775415
0.2923630928152466	0.7013471907888389	-19.357854576894688	0.7076369071847535	1.4271163556401454	-734.1859491180293
0.30166469991021255	0.700326381953333	-19.353260020223615	0.6983353000897874	1.4271163556401454	-734.0192513161649
0.30224511478096366	0.6990315960103477	-19.367368494803486	0.6977548852190363	1.4271163556401454	-734.8469345293436
0.2971242860293259	0.7003158765630171	-19.361691728175416	0.702875713970674	1.4271163556401454	-734.0475190813694
0.3201244061804401	0.6991120086931302	-19.35632282609198	0.67987559381956	1.4271163556401454	-731.9433198516244
0.29380475550103474	0.7008913846598666	-19.34460858711548	0.7061952444989652	1.4271163556401454	-741.3358575722214
0.29763682175249934	0.6998440832966802	-19.36506536977002	0.7023631782475006	1.4271163556401454	-734.6633586628456
0.287597050763475	0.7006193101660447	-19.36710838427939	0.7124029492365249	1.4271163556401454	-736.3694356383439
0.29333105858332764	0.7010713031549717	-19.359178080765876	0.7066689414166724	1.4271163556401454	-734.1629964797505
0.3016097954933861	0.700331074840082	-19.35323286635041	0.6983902045066139	1.4271163556401454	-734.0347776527766
0.30075429563054296	0.6992944420573451	-19.36662341568536	0.6992457043694571	1.4271163556401454	-734.7656486378269
0.29709675946836406	0.7003412149843603	-19.36151054129064	0.702903240531636	1.4271163556401454	-734.0235090863264
0.33847851346076263	0.698499686553424	-19.349248708558225	0.6615214865392374	1.4271163556401454	-731.710117346532
0.29441782756843654	0.7007889261987797	-19.34775624917547	0.7055821724315634	1.4271163556401454	-738.5233464767439
0.2972230193758498	0.6998760352925312	-19.36514957530224	0.7027769806241502	1.4271163556401454	-734.7248620497194
0.2815264825702651	0.7010880526882427	-19.368343697207585	0.718473517429735	1.4271163556401454	-737.619609400169
0.2935150509617099	0.7010147968876843	-19.35946038306562	0.7064849490382901	1.4271163556401454	-734.1671591261701
0.30303517427373894	0.700203627169728	-19.352209258212536	0.6969648257262611	1.4271163556401454	-734.2576525596896
0.30459093438080886	0.6992583074719133	-19.36458317739747	0.6954090656191911	1.4271163556401454	-733.9849632167126
0.2965329177785343	0.7004354459156135	-19.358615640039574	0.7034670822214657	1.4271163556401454	-733.9174304334035
0.33813940143231824	0.6985072780511195	-19.349402160146518	0.6618605985676818	1.4271163556401454	-731.6979531830196
0.2945319842384269	0.7007506874874884	-19.348741431696368	0.7054680157615731	1.4271163556401454	-737.8263451434484
0.29626248514241255	0.7001710268819139	-19.3636758130439	0.7037375148575875	1.4271163556401454	-734.4939428628197
0.2815264825702651	0.7010880526882427	-19.368343697207585	0.718473517429735	1.4271163556401454	-737.619609400169
0.2934190755023226	0.7010153833429542	-19.359531499159537	0.7065809244976774	1.4271163556401454	-734.185063267556
0.310023731620773	0.6997289571849199	-19.355820591269755	0.689976268379227	1.4271163556401454	-732.5741781647208
0.3071369713986795	0.6990563256909322	-19.364168061411988	0.6928630286013204	1.4271163556401454	-733.7114583679954
0.2965329177785343	0.7004354459156135	-19.358615640039574	0.7034670822214657	1.4271163556401454	-733.9174304334035
0.33813940143231824	0.6985072780511195	-19.349402160146518	0.6618605985676818	1.4271163556401454	-731.6979531830196
0.2945319842384269	0.7007506874874884	-19.348741431696368	0.7054680157615731	1.4271163556401454	-737.8263451434484
0.2959511220718783	0.7002753232192367	-19.36098872121853	0.7040488779281218	1.4271163556401454	-734.092416083804
0.286527186373487	0.7010574960322268	-19.36463826538583	0.7134728136265129	1.4271163556401454	-735.8818955744609
0.29243479403706263	0.7011965586275253	-19.359430681302186	0.7075652059629374	1.4271163556401454	-734.2810362865964
0.310023731620773	0.6997289571849199	-19.355820591269755	0.689976268379227	1.4271163556401454	-732.5741781647208
0.3074071098681737	0.6990213759519374	-19.364280085513013	0.6925928901318263	1.4271163556401454	-733.7238700069433
0.2967884451132333	0.700395188287345	-19.359876616523614	0.7032115548867667	1.4271163556401454	-733.893094526613
0.3324902717101323	0.6987441351125764	-19.35124220680679	0.6675097282898677	1.4271163556401454	-731.5948062384508
0.2945319842384269	0.7007506874874884	-19.348741431696368	0.7054680157615731	1.4271163556401454	-737.8263451434484
0.29710081309416997	0.7002273590200782	-19.3612394945455	0.7028991869058301	1.4271163556401454	-733.9868669445879
0.2838094313411706	0.7012830657057346	-19.365690752090302	0.7161905686588295	1.4271163556401454	-736.5731612881104
0.2999138279449801	0.7001100022677648	-19.361853076002852	0.7000861720550199	1.4271163556401454	-733.8181041860829
0.3123649726552073	0.6995901572702898	-19.35493907143962	0.6876350273447926	1.4271163556401454	-732.4637151909466
0.32712965795524956	0.6971310931905942	-19.36310107379906	0.6728703420447504	1.4271163556401454	-732.8042962030046
0.2967884451132333	0.700395188287345	-19.359876616523614	0.7032115548867667	1.4271163556401454	-733.893094526613
0.3324902717101323	0.6987441351125764	-19.35124220680679	0.6675097282898677	1.4271163556401454	-731.5948062384508
0.2969248930972018	0.7006241934522371	-19.348899081772654	0.7030751069027982	1.4271163556401454	-737.1223814744851
0.29710081309416997	0.7002273590200782	-19.3612394945455	0.7028991869058301	1.4271163556401454	-733.9868669445879
0.2817208196083625	0.7014259449125766	-19.366626375703465	0.7182791803916375	1.4271163556401454	-737.1831880370892
0.3057141377201455	0.6996904523590839	-19.360331248694198	0.6942858622798544	1.4271163556401454	-733.1131587405933
0.321401182844398	0.699002101318678	-19.358079497154485	0.678598817155602	1.4271163556401454	-732.1106511856376
0.32712965795524956	0.6971310931905942	-19.36310107379906	0.6728703420447504	1.4271163556401454	-732.8042962030046
0.29661968525058724	0.7004858596935725	-19.359140308317226	0.7033803147494128	1.4271163556401454	-733.869838901194
0.3325162683358772	0.6985994616551348	-19.352007770711865	0.6674837316641228	1.4271163556401454	-731.6158927847354
0.3031207890470224	0.70029666577486	-19.349307280967352	0.6968792109529776	1.4271163556401454	-735.5017792174228
0.29710081309416997	0.7002273590200782	-19.3612394945455	0.7028991869058301	1.4271163556401454	-733.9868669445879
0.2817208196083625	0.7014259449125766	-19.366626375703465	0.7182791803916375	1.4271163556401454	-737.1831880370892
0.3057141377201455	0.6996904523590839	-19.360331248694198	0.6942858622798544	1.4271163556401454	-733.1131587405933
0.32098546162352104	0.699089568918334	-19.35791376407188	0.679014538376479	1.4271163556401454	-732.0966572598664
0.3328778152729758	0.6965874218646363	-19.362654817284323	0.6671221847270242	1.4271163556401454	-732.7501518054268
0.29661968525058724	0.7004858596935725	-19.359140308317226	0.7033803147494128	1.4271163556401454	-733.869838901194
0.3489759069027352	0.6976491329971002	-19.3535198768664	0.6510240930972648	1.4271163556401454	-732.1232768286583
0.3048900654270587	0.7002266313832538	-19.347153481146663	0.6951099345729412	1.4271163556401454	-736.4931809786266
0.2976628700714537	0.7001143284237921	-19.361914039169633	0.7023371299285464	1.4271163556401454	-734.0170513130656
0.2847372252283685	0.7012433783513684	-19.36490895427668	0.7152627747716316	1.4271163556401454	-736.215911087768
0.30222509685597637	0.6997674428612756	-19.360693346679057	0.6977749031440237	1.4271163556401454	-733.4458663522075
0.3139362555673342	0.6995090199807373	-19.359477944757774	0.6860637444326658	1.4271163556401454	-732.5741228917186
0.3328778152729758	0.6965874218646363	-19.362654817284323	0.6671221847270242	1.4271163556401454	-732.7501518054268
0.29519638618324096	0.7006103424506298	-19.358953923888535	0.704803613816759	1.4271163556401454	-734.0341989904168
0.3357828854350879	0.6983963836405227	-19.355823341284523	0.6642171145649121	1.4271163556401454	-731.8766583788628
0.3048900654270587	0.7002266313832538	-19.347153481146663	0.6951099345729412	1.4271163556401454	-736.4931809786266
0.31514862799225724	0.6983630653180347	-19.362281867848974	0.6848513720077427	1.4271163556401454	-732.8667467215195
0.3002361560092619	0.7003847663967193	-19.362127518622092	0.6997638439907381	1.4271163556401454	-733.9553856653475
0.29535953833898543	0.7003468799528962	-19.362348350859236	0.7046404616610146	1.4271163556401454	-734.3261856836684
0.3203524120155643	0.6992703632076241	-19.358517458516413	0.6796475879844357	1.4271163556401454	-732.2667730448082
0.3328778152729758	0.6965874218646363	-19.362654817284323	0.6671221847270242	1.4271163556401454	-732.7501518054268
0.29519638618324096	0.7006103424506298	-19.358953923888535	0.704803613816759	1.4271163556401454	-734.0341989904168
0.3422242315510261	0.6980451765116744	-19.35533408604329	0.6577757684489739	1.4271163556401454	-732.0761017195971
0.3199868004486674	0.6993322240358919	-19.35139027730647	0.6800131995513325	1.4271163556401454	-732.3304676451033
0.31451214867810123	0.6982355689376126	-19.363714696492643	0.6854878513218987	1.4271163556401454	-733.161913923492
0.2942121672898826	0.7007184841739164	-19.36320858268024	0.7057878327101175	1.4271163556401454	-734.7313598105603
0.2944199234921514	0.7003855925698246	-19.36276643909645	0.7055800765078486	1.4271163556401454	-734.4965299306502
0.3312168793397178	0.6986684919135789	-19.356567722937182	0.6687831206602822	1.4271163556401454	-731.9064911588495
0.35010249927121767	0.6948623062745044	-19.36301715403837	0.6498975007287824	1.4271163556401454	-733.5685070935683
0.294380460147513	0.700653804162706	-19.35896808047524	0.7056195398524869	1.4271163556401454	-734.1443228885101
0.36089896980102143	0.6979168740403127	-19.349686524030915	0.6391010301989786	1.4271163556401454	-732.6415878514987
0.3191675272865189	0.699365978513264	-19.351754818664364	0.6808324727134811	1.4271163556401454	-732.3203536189342
0.31451214867810123	0.6982355689376126	-19.363714696492643	0.6854878513218987	1.4271163556401454	-733.161913923492
0.2940911715580175	0.7009123578721692	-19.36346608395301	0.7059088284419825	1.4271163556401454	-734.9325834527041
0.2944199234921514	0.7003855925698246	-19.36276643909645	0.7055800765078486	1.4271163556401454	-734.4965299306502
0.3424947363402341	0.6989607709999102	-19.351742590022578	0.6575052636597659	1.4271163556401454	-731.5707580844053
0.3600215062599943	0.6937909068535342	-19.36293765335266	0.6399784937400057	1.4271163556401454	-734.3182461120882
0.29450640251245397	0.7005412422891428	-19.35700986568187	0.705493597487546	1.4271163556401454	-734.4068417631584
0.36089896980102143	0.6979168740403127	-19.349686524030915	0.6391010301989786	1.4271163556401454	-732.6415878514987
0.3320494264609849	0.6988352376147665	-19.34602292698983	0.6679505735390151	1.4271163556401454	-733.089590153835
0.2913042955470906	0.7005270627642218	-19.363612169307935	0.7086957044529094	1.4271163556401454	-734.9915341953246
0.2940911715580175	0.7009123578721692	-19.36346608395301	0.7059088284419825	1.4271163556401454	-734.9325834527041
0.2945205029228332	0.7002244322884339	-19.362552387484747	0.7054794970771667	1.4271163556401454	-734.4331365073574
0.3424947363402341	0.6989607709999102	-19.351742590022578	0.6575052636597659	1.4271163556401454	-731.5707580844053
0.37138650172073795	0.6926199168497662	-19.363965954860515	0.628613498279262	1.4271163556401454	-735.8411138374473
0.282059862846738	0.7011068295172423	-19.360652336475454	0.717940137153262	1.4271163556401454	-736.2110622090547
0.36089896980102143	0.6979168740403127	-19.349686524030915	0.6391010301989786	1.4271163556401454	-732.6415878514987
0.32308801363726847	0.699207334678876	-19.34989147417899	0.6769119863627315	1.4271163556401454	-732.4508645711509
0.2913042955470906	0.7005270627642218	-19.363612169307935	0.7086957044529094	1.4271163556401454	-734.9915341953246
0.2940911715580175	0.7009123578721692	-19.36346608395301	0.7059088284419825	1.4271163556401454	-734.9325834527041
0.29630234897295743	0.7000567686850242	-19.36196524622331	0.7036976510270425	1.4271163556401454	-734.166546668461
0.33199609941112157	0.6995562587279684	-19.352915466382505	0.6680039005888785	1.4271163556401454	-731.4061379318282
0.37345779709454324	0.6915737638551425	-19.366786153096317	0.6265422029054568	1.4271163556401454	-736.5438947869388
0.2820424028197222	0.7011081167988543	-19.360650726964344	0.7179575971802779	1.4271163556401454	-736.2143831447219
0.36089896980102143	0.6979168740403127	-19.349686524030915	0.6391010301989786	1.4271163556401454	-732.6415878514987
0.3271305505817885	0.6988290661696528	-19.34684024899367	0.6728694494182115	1.4271163556401454	-733.6563171668901
0.2913042955470906	0.7005270627642218	-19.363612169307935	0.7086957044529094	1.4271163556401454	-734.9915341953246
0.31153659570202646	0.7002882246501356	-19.358610250980263	0.6884634042979736	1.4271163556401454	-732.6662368932243
0.29630234897295743	0.7000567686850242	-19.36196524622331	0.7036976510270425	1.4271163556401454	-734.166546668461
0.33382799607190083	0.6994907201915657	-19.352405568535676	0.6661720039280992	1.4271163556401454	-731.3642739689499
0.37345779709454324	0.6915737638551425	-19.366786153096317	0.6265422029054568	1.4271163556401454	-736.5438947869388
0.2852838282248392	0.700869135076962	-19.3609495300647	0.7147161717751608	1.4271163556401454	-735.6326193222252
0.3836813172776239	0.6968224183021527	-19.34556793265728	0.6163186827223761	1.4271163556401454	-734.9491070097492
0.3271305505817885	0.6988290661696528	-19.34684024899367	0.6728694494182115	1.4271163556401454	-733.6563171668901
0.2926150037975977	0.7004951195715183	-19.363266748191922	0.7073849962024024	1.4271163556401454	-734.7868121541111
0.31153659570202646	0.7002882246501356	-19.358610250980263	0.6884634042979736	1.4271163556401454	-732.6662368932243
0.3184380320663117	0.6992374118480508	-19.35781132058511	0.6815619679336883	1.4271163556401454	-732.1360052556777
0.330144166014308	0.6996878900182737	-19.352910824513863	0.6698558339856919	1.4271163556401454	-731.381089183636
0.3807207815689701	0.690436309073472	-19.369913185301566	0.6192792184310298	1.4271163556401454	-738.4789940222165
0.2832468521396883	0.7010193159361341	-19.36076175626351	0.7167531478603117	1.4271163556401454	-735.9900647684509
0.3836813172776239	0.6968224183021527	-19.34556793265728	0.6163186827223761	1.4271163556401454	-734.9491070097492
0.3271305505817885	0.6988290661696528	-19.34684024899367	0.6728694494182115	1.4271163556401454	-733.6563171668901
0.3082309936917921	0.6997413411872617	-19.355834849544024	0.6917690063082079	1.4271163556401454	-732.8096818070953
0.31153659570202646	0.7002882246501356	-19.358610250980263	0.6884634042979736	1.4271163556401454	-732.6662368932243
0.3173295782828344	0.6990908391874232	-19.359449337421523	0.6826704217171655	1.4271163556401454	-732.419479097358
0.330144166014308	0.6996878900182737	-19.352910824513863	0.6698558339856919	1.4271163556401454	-731.381089183636
0.3819462107529137	0.6902443948142879	-19.370440786115935	0.6180537892470863	1.4271163556401454	-738.842302068425
0.3202272343850633	0.6994740010032952	-19.355167328056464	0.6797727656149367	1.4271163556401454	-731.7937684996817
0.3638948257318628	0.697524522329834	-19.346013102155492	0.6361051742681372	1.4271163556401454	-732.6254029464512
0.32287207082599323	0.6992125281183598	-19.350173853619452	0.6771279291740068	1.4271163556401454	-732.3880923499395
0.3098570971939805	0.699625083150692	-19.356480832590883	0.6901429028060195	1.4271163556401454	-732.6097612422453
0.31200787782905026	0.7001908125899641	-19.358678513992842	0.6879921221709497	1.4271163556401454	-732.6394210914859
0.3173295782828344	0.6990908391874232	-19.359449337421523	0.6826704217171655	1.4271163556401454	-732.419479097358
0.330144166014308	0.6996878900182737	-19.352910824513863	0.6698558339856919	1.4271163556401454	-731.381089183636
0.3819462107529137	0.6902443948142879	-19.370440786115935	0.6180537892470863	1.4271163556401454	-738.842302068425
0.31894683577864996	0.6993046917969005	-19.35705943623985	0.68105316422135	1.4271163556401454	-732.0241823616678
0.36093167582165936	0.6987512300627523	-19.341862627838236	0.6390683241783406	1.4271163556401454	-732.119763303299
0.32287207082599323	0.6992125281183598	-19.350173853619452	0.6771279291740068	1.4271163556401454	-732.3880923499395
0.307713173239553	0.6990611572547623	-19.354290157389034	0.692286826760447	1.4271163556401454	-734.1286815098329
0.31200787782905026	0.7001908125899641	-19.358678513992842	0.6879921221709497	1.4271163556401454	-732.6394210914859
0.31751910367461983	0.6991159004406252	-19.359169266400702	0.6824808963253801	1.4271163556401454	-732.3671392630574
0.2922119093763686	0.7066263865058844	-19.339987462255987	0.7077880906236313	1.4271163556401454	-732.4280809176696
0.3812499361050024	0.6903397194188937	-19.370322348079515	0.6187500638949976	1.4271163556401454	-738.7076175920902
0.31877559371098774	0.699282048177615	-19.357312489090692	0.6812244062890123	1.4271163556401454	-732.0605313265119
0.36093167582165936	0.6987512300627523	-19.341862627838236	0.6390683241783406	1.4271163556401454	-732.119763303299
0.32287207082599323	0.6992125281183598	-19.350173853619452	0.6771279291740068	1.4271163556401454	-732.3880923499395
0.31193291943369983	0.6988671028492875	-19.356577173915717	0.6880670805663002	1.4271163556401454	-732.9009829534066
0.31200787782905026	0.7001908125899641	-19.358678513992842	0.6879921221709497	1.4271163556401454	-732.6394210914859
0.319535530450395	0.698517479887853	-19.360697634303886	0.6804644695496049	1.4271163556401454	-732.5320801673469
0.2855481496293674	0.7087927426764485	-19.333695641853723	0.7144518503706325	1.4271163556401454	-733.2575261038413
0.38149475861374793	0.6903025090263067	-19.370406845944203	0.6185052413862521	1.4271163556401454	-738.7718397912985
0.31877559371098774	0.699282048177615	-19.357312489090692	0.6812244062890123	1.4271163556401454	-732.0605313265119
0.36093167582165936	0.6987512300627523	-19.341862627838236	0.6390683241783406	1.4271163556401454	-732.119763303299
0.32287207082599323	0.6992125281183598	-19.350173853619452	0.6771279291740068	1.4271163556401454	-732.3880923499395
0.31193291943369983	0.6988671028492875	-19.356577173915717	0.6880670805663002	1.4271163556401454	-732.9009829534066
0.3131629548681866	0.7001340000067791	-19.357920400618347	0.6868370451318133	1.4271163556401454	-732.4195690256477
0.3218191938698082	0.6984124605509617	-19.361935333383705	0.6781808061301918	1.4271163556401454	-732.8811674874966
0.2923071210776771	0.7074901957429324	-19.336281767438642	0.7076928789223229	1.4271163556401454	-732.315486408891
0.3559868875047577	0.6952182272753978	-19.360646994375625	0.6440131124952423	1.4271163556401454	-733.7754852232337
0.3181737671227882	0.6998875426897396	-19.354631647004013	0.6818262328772118	1.4271163556401454	-731.7775446850567
0.3614983286308999	0.6987361709833481	-19.341693405329426	0.6385016713691001	1.4271163556401454	-732.1644985424758
0.3305499516032219	0.6991178408900894	-19.348488164282497	0.669450048396778	1.4271163556401454	-731.9443867837936
0.31193291943369983	0.6988671028492875	-19.356577173915717	0.6880670805663002	1.4271163556401454	-732.9009829534066
0.3057952032468203	0.7003470708129413	-19.36039387835407	0.6942047967531797	1.4271163556401454	-733.2699340053688
0.31322460675932	0.7010561035923322	-19.354464431262986	0.6867753932406799	1.4271163556401454	-731.9342309780526
0.320881343004981	0.7019835494382894	-19.347214869754644	0.6791186569950189	1.4271163556401454	-730.8057849154012
0.3559868875047577	0.6952182272753978	-19.360646994375625	0.6440131124952423	1.4271163556401454	-733.7754852232337
0.3181737671227882	0.6998875426897396	-19.354631647004013	0.6818262328772118	1.4271163556401454	-731.7775446850567
0.34108583194138703	0.6992786432052704	-19.347789296578117	0.658914168058613	1.4271163556401454	-731.2035312448432
0.327169142323085	0.7001198893188245	-19.348042933108605	0.672830857676915	1.4271163556401454	-731.3481516551333
0.313671533967947	0.6984478762618267	-19.35549602620419	0.686328466032053	1.4271163556401454	-733.3502829105478
0.3034196993278694	0.7004352563947642	-19.361499677321635	0.6965803006721306	1.4271163556401454	-733.6975114398834
0.33065093320602273	0.6986770738333727	-19.356983926509734	0.6693490667939772	1.4271163556401454	-731.9815704241323
0.3159008220696195	0.7034597413095326	-19.346558966685613	0.6840991779303804	1.4271163556401454	-730.8922063794612
0.36331285920447126	0.6939721395893098	-19.363851165817962	0.6366871407955288	1.4271163556401454	-735.2780085652878
0.3181737671227882	0.6998875426897396	-19.354631647004013	0.6818262328772118	1.4271163556401454	-731.7775446850567
0.3423164876764226	0.6993495902088134	-19.34670491384055	0.6576835123235774	1.4271163556401454	-731.2130021591605
0.327169142323085	0.7001198893188245	-19.348042933108605	0.672830857676915	1.4271163556401454	-731.3481516551333
0.313671533967947	0.6984478762618267	-19.35549602620419	0.686328466032053	1.4271163556401454	-733.3502829105478
0.3079202675858382	0.7001446775446497	-19.360753348864545	0.6920797324141619	1.4271163556401454	-733.2413270372261
0.33065093320602273	0.6986770738333727	-19.356983926509734	0.6693490667939772	1.4271163556401454	-731.9815704241323
0.3156370777821388	0.7033958295417095	-19.34687468564477	0.6843629222178612	1.4271163556401454	-730.9422719482317
0.36331285920447126	0.6939721395893098	-19.363851165817962	0.6366871407955288	1.4271163556401454	-735.2780085652878
0.309965776911365	0.7006838386160752	-19.353084221328288	0.6900342230886349	1.4271163556401454	-732.1945007365083
0.3390698812594369	0.6994834908044549	-19.347345119268372	0.6609301187405632	1.4271163556401454	-731.1627702463638
0.33474644817303484	0.699871495111827	-19.345822473227408	0.6652535518269651	1.4271163556401454	-731.3178154098649
0.313671533967947	0.6984478762618267	-19.35549602620419	0.686328466032053	1.4271163556401454	-733.3502829105478
0.29671671052887155	0.7013931185211084	-19.360126792713704	0.7032832894711285	1.4271163556401454	-734.0308958047005
0.33065093320602273	0.6986770738333727	-19.356983926509734	0.6693490667939772	1.4271163556401454	-731.9815704241323
0.3156370777821388	0.7033958295417095	-19.34687468564477	0.6843629222178612	1.4271163556401454	-730.9422719482317
0.36331285920447126	0.6939721395893098	-19.363851165817962	0.6366871407955288	1.4271163556401454	-735.2780085652878
0.30847359861189805	0.6999702855706994	-19.354718014810214	0.691526401388102	1.4271163556401454	-732.7402224896719
0.3390698812594369	0.6994834908044549	-19.347345119268372	0.6609301187405632	1.4271163556401454	-731.1627702463638
0.33569024311598855	0.70014674468885	-19.343250361234478	0.6643097568840115	1.4271163556401454	-731.5698714339769
0.31222036111341855	0.6986999611998997	-19.355892376108887	0.6877796388865814	1.4271163556401454	-733.1817838351782
0.29671671052887155	0.7013931185211084	-19.360126792713704	0.7032832894711285	1.4271163556401454	-734.0308958047005
0.3288732574882926	0.6996140953975402	-19.354942868983485	0.6711267425117073	1.4271163556401454	-731.7458070065371
0.3188153523865991	0.7049156663627271	-19.343394776886957	0.6811846476134009	1.4271163556401454	-730.799515061508
0.36331285920447126	0.6939721395893098	-19.363851165817962	0.6366871407955288	1.4271163556401454	-735.2780085652878
0.30972022194594584	0.6995476230715936	-19.355108748462783	0.6902797780540542	1.4271163556401454	-732.8624723341925
0.3390698812594369	0.6994834908044549	-19.347345119268372	0.6609301187405632	1.4271163556401454	-731.1627702463638
0.33569024311598855	0.70014674468885	-19.343250361234478	0.6643097568840115	1.4271163556401454	-731.5698714339769
0.3078555973479747	0.6985725875407611	-19.357281851851788	0.6921444026520254	1.4271163556401454	-733.7841724773037
0.29671671052887155	0.7013931185211084	-19.360126792713704	0.7032832894711285	1.4271163556401454	-734.0308958047005
0.3288732574882926	0.6996140953975402	-19.354942868983485	0.6711267425117073	1.4271163556401454	-731.7458070065371
0.3188153523865991	0.7049156663627271	-19.343394776886957	0.6811846476134009	1.4271163556401454	-730.799515061508
0.36331285920447126	0.6939721395893098	-19.363851165817962	0.6366871407955288	1.4271163556401454	-735.2780085652878
0.31608686826665594	0.6995697190880961	-19.35505360858826	0.683913131733344	1.4271163556401454	-732.0510370829525
0.346378682653981	0.6978269610684593	-19.35240740571565	0.653621317346019	1.4271163556401454	-731.8254417664537
0.33569024311598855	0.70014674468885	-19.343250361234478	0.6643097568840115	1.4271163556401454	-731.5698714339769
0.330582901031083	0.6964053316718608	-19.36123211884713	0.669417098968917	1.4271163556401454	-732.5145606657084
0.29671671052887155	0.7013931185211084	-19.360126792713704	0.7032832894711285	1.4271163556401454	-734.0308958047005
0.3311688751027198	0.6997278522936753	-19.354687397621	0.6688311248972802	1.4271163556401454	-731.8616645864078
0.3202672842743839	0.7045053437384394	-19.34338235122481	0.6797327157256161	1.4271163556401454	-730.5833909876037
0.36867979273801355	0.6927724452859553	-19.367853797161168	0.6313202072619865	1.4271163556401454	-737.1354313139088
0.32355521962561634	0.7004744309874092	-19.353031891192533	0.6764447803743836	1.4271163556401454	-731.4433925437368
0.3534578875986112	0.6962905138052673	-19.358472331689068	0.6465421124013888	1.4271163556401454	-733.3524401359771
0.33569024311598855	0.70014674468885	-19.343250361234478	0.6643097568840115	1.4271163556401454	-731.5698714339769
0.32602767218726963	0.699982181168228	-19.353349916721335	0.6739723278127303	1.4271163556401454	-731.4371616504941
0.2980161041999085	0.7015648343270137	-19.359202924720897	0.7019838958000915	1.4271163556401454	-733.7849840316136
0.33336166816498813	0.6999310085807283	-19.349140613115143	0.6666383318350119	1.4271163556401454	-731.0277677670261
0.3202672842743839	0.7045053437384394	-19.34338235122481	0.6797327157256161	1.4271163556401454	-730.5833909876037
0.36867979273801355	0.6927724452859553	-19.367853797161168	0.6313202072619865	1.4271163556401454	-737.1354313139088
0.3330587455620069	0.6988523431574998	-19.35615348012034	0.6669412544379931	1.4271163556401454	-731.9649803263309
0.3567918930929359	0.6958718122186741	-19.358851321347398	0.6432081069070641	1.4271163556401454	-733.6964532467549
0.33532956333585534	0.7002198139372315	-19.342983701950985	0.6646704366641447	1.4271163556401454	-731.5984091135336
0.32602767218726963	0.699982181168228	-19.353349916721335	0.6739723278127303	1.4271163556401454	-731.4371616504941
0.2980161041999085	0.7015648343270137	-19.359202924720897	0.7019838958000915	1.4271163556401454	-733.7849840316136
0.33336166816498813	0.6999310085807283	-19.349140613115143	0.6666383318350119	1.4271163556401454	-731.0277677670261
0.33459561026316365	0.7063988422980199	-19.33319492145153	0.6654043897368364	1.4271163556401454	-729.4801680306142
0.36124994900436347	0.6940283549634694	-19.36532727412297	0.6387500509956365	1.4271163556401454	-735.6076424681133
0.32760153583384993	0.6995376876704109	-19.355533137396304	0.67239846416615	1.4271163556401454	-731.8129565230873
0.3531679393389663	0.6973703586642575	-19.353587019185685	0.6468320606610337	1.4271163556401454	-732.4554228963041
0.33502224502542177	0.7028070754756216	-19.338884977391846	0.6649777549745782	1.4271163556401454	-729.9892498541424
0.3257462173939514	0.700061670154349	-19.352959490317385	0.6742537826060486	1.4271163556401454	-731.3842450957076
0.3201317808007099	0.6998828655034277	-19.356950967912493	0.6798682191992901	1.4271163556401454	-732.1019294326994
0.3165161254561286	0.7034964274811558	-19.33936327721941	0.6834838745438714	1.4271163556401454	-731.1632939798541
0.33467139424151177	0.7057608296389967	-19.33420565736507	0.6653286057584882	1.4271163556401454	-729.426506702828
0.36203668205311407	0.6937650261734921	-19.36612044415188	0.637963317946886	1.4271163556401454	-735.8785210620799
0.32812367908491974	0.6997677315561839	-19.354361723160192	0.6718763209150802	1.4271163556401454	-731.6299754526248
0.34832648935668	0.6988542543628248	-19.349476398496037	0.65167351064332	1.4271163556401454	-731.5599361580973
0.33059508733253307	0.7042888971432865	-19.334421597086624	0.6694049126674669	1.4271163556401454	-729.7351888060498
0.3240915033119401	0.7002662515107922	-19.351983535819333	0.67590849668806	1.4271163556401454	-731.2913765815578
0.32701909419695235	0.7026672160845738	-19.34617667307496	0.6729809058030476	1.4271163556401454	-730.6902216830174
0.3165161254561286	0.7034964274811558	-19.33936327721941	0.6834838745438714	1.4271163556401454	-731.1632939798541
0.3356936970533674	0.7058883355834417	-19.333915237578843	0.6643063029466326	1.4271163556401454	-729.4827679870251
0.36203668205311407	0.6937650261734921	-19.36612044415188	0.637963317946886	1.4271163556401454	-735.8785210620799
0.32924992013750976	0.6996284882121369	-19.355025982945683	0.6707500798624902	1.4271163556401454	-731.7924362563228
0.3469733856210529	0.6989091708785629	-19.349870031300956	0.6530266143789472	1.4271163556401454	-731.5325390004218
0.33059508733253307	0.7042888971432865	-19.334421597086624	0.6694049126674669	1.4271163556401454	-729.7351888060498
0.32289323870792525	0.70041439952061	-19.35127679636334	0.6771067612920747	1.4271163556401454	-731.2643239147269
0.32701909419695235	0.7026672160845738	-19.34617667307496	0.6729809058030476	1.4271163556401454	-730.6902216830174
0.3173980319360867	0.703070206349039	-19.341010826716694	0.6826019680639133	1.4271163556401454	-731.0742313596475
0.33738062523191276	0.7065147385829846	-19.331530787086965	0.6626193747680873	1.4271163556401454	-729.2924489975354
0.3539819664382508	0.6952055014287613	-19.36339487063699	0.6460180335617491	1.4271163556401454	-734.5133549430183
0.3263843623512812	0.699982772801388	-19.353335869806923	0.6736156376487188	1.4271163556401454	-731.437221802866
0.3550201783809933	0.6984895758318987	-19.348515480197122	0.6449798216190067	1.4271163556401454	-731.9081770235741
0.3289274263183003	0.7025834531355688	-19.341912610004506	0.6710725736816997	1.4271163556401454	-730.2015651728609
0.3212037289277246	0.7006974758930684	-19.35061824239548	0.6787962710722755	1.4271163556401454	-731.2496921427081
0.32758540122795526	0.702642359013612	-19.34491129118969	0.6724145987720447	1.4271163556401454	-730.4292427531557
0.32647650142158274	0.7046351223894518	-19.33670386569188	0.6735234985784173	1.4271163556401454	-729.5981222009062
0.33738062523191276	0.7065147385829846	-19.331530787086965	0.6626193747680873	1.4271163556401454	-729.2924489975354
0.3539819664382508	0.6952055014287613	-19.36339487063699	0.6460180335617491	1.4271163556401454	-734.5133549430183
0.33028111647796077	0.6997795789602638	-19.352679912488135	0.6697188835220392	1.4271163556401454	-731.3566879350195
0.3550201783809933	0.6984895758318987	-19.348515480197122	0.6449798216190067	1.4271163556401454	-731.9081770235741
0.3289274263183003	0.7025834531355688	-19.341912610004506	0.6710725736816997	1.4271163556401454	-730.2015651728609
0.31878597495821076	0.7006430128535197	-19.350895062343714	0.6812140250417893	1.4271163556401454	-731.4377430452477
0.32686806896377085	0.7026738450768567	-19.346514130644486	0.6731319310362291	1.4271163556401454	-730.7763475577491
0.3250646471137373	0.7065499944913458	-19.330080376808667	0.6749353528862627	1.4271163556401454	-729.1223562159186
0.341908283324275	0.7096518118059998	-19.321419165504416	0.658091716675725	1.4271163556401454	-728.6712769652058
0.3539819664382508	0.6952055014287613	-19.36339487063699	0.6460180335617491	1.4271163556401454	-734.5133549430183
0.3292461913246069	0.7008786427748576	-19.349697423299553	0.670753808675393	1.4271163556401454	-730.9890079336062
0.35760352190614836	0.6980842567072696	-19.349169205105806	0.6423964780938516	1.4271163556401454	-732.2071488153354
0.30370349750852377	0.7065410145846495	-19.335529598841923	0.6962965024914762	1.4271163556401454	-731.047582378144
0.3185005363953892	0.700687110927793	-19.350793689228063	0.6814994636046108	1.4271163556401454	-731.4433658999411
0.33193126609081675	0.701279220931124	-19.349666407601827	0.6680687339091833	1.4271163556401454	-731.2520966538772
0.32530842636949137	0.7062996668261023	-19.330827106779406	0.6746915736305086	1.4271163556401454	-729.1820927290943
0.33547201363060614	0.7143954099312164	-19.310039488925888	0.6645279863693938	1.4271163556401454	-727.8308280121653
0.3539819664382508	0.6952055014287613	-19.36339487063699	0.6460180335617491	1.4271163556401454	-734.5133549430183
0.3292461913246069	0.7008786427748576	-19.349697423299553	0.670753808675393	1.4271163556401454	-730.9890079336062
0.37087762660201024	0.6964322674971258	-19.34891212142626	0.6291223733979898	1.4271163556401454	-733.573725136431
0.3036247187143463	0.7065299366809633	-19.335595774023055	0.6963752812856536	1.4271163556401454	-731.0588852728208
0.3185005363953892	0.700687110927793	-19.350793689228063	0.6814994636046108	1.4271163556401454	-731.4433658999411
0.33140508087160636	0.7013447057472069	-19.34967659839325	0.6685949191283936	1.4271163556401454	-731.2562896387568
0.3216592132254459	0.7090659540865251	-19.3204465710759	0.6783407867745541	1.4271163556401454	-729.2158984913337
0.33547201363060614	0.7143954099312164	-19.310039488925888	0.6645279863693938	1.4271163556401454	-727.8308280121653
0.33850935383181163	0.6975959017067613	-19.35789979340678	0.6614906461681884	1.4271163556401454	-732.2686913322511
0.34969699612805055	0.696345054366353	-19.36104091802093	0.6503030038719495	1.4271163556401454	-733.8347976318615
0.34771221977382893	0.6984956047324774	-19.34967477254576	0.6522877802261711	1.4271163556401454	-731.5730490038287
0.3036247187143463	0.7065299366809633	-19.335595774023055	0.6963752812856536	1.4271163556401454	-731.0588852728208
0.3214311717023521	0.7008364513868074	-19.350539996751927	0.6785688282976479	1.4271163556401454	-731.1939920213106
0.33371270714839874	0.7014622986686431	-19.349476837125522	0.6662872928516013	1.4271163556401454	-731.4687136041125
0.3216592132254459	0.7090659540865251	-19.3204465710759	0.6783407867745541	1.4271163556401454	-729.2158984913337
0.3079515476743052	0.7283579997111151	-19.279824139731897	0.6920484523256948	1.4271163556401454	-728.0494720526092
0.33453275121094805	0.6977388599325713	-19.359003973423025	0.665467248789052	1.4271163556401454	-732.344465840886
0.3496895765872195	0.6963457363256174	-19.361039921387487	0.6503104234127806	1.4271163556401454	-733.8337972792617
0.34771221977382893	0.6984956047324774	-19.34967477254576	0.6522877802261711	1.4271163556401454	-731.5730490038287
0.3163355605604098	0.7042135630992945	-19.33965488191696	0.6836644394395902	1.4271163556401454	-730.4269448551698
0.31243343648534777	0.7145763551469135	-19.31585654342686	0.6875665635146522	1.4271163556401454	-728.395157441613
0.33371270714839874	0.7014622986686431	-19.349476837125522	0.6662872928516013	1.4271163556401454	-731.4687136041125
0.32490773628548003	0.7062076624029385	-19.330176189367368	0.67509226371452	1.4271163556401454	-729.3701386747266
0.2990111620963384	0.7350727082734425	-19.264117876300087	0.7009888379036616	1.4271163556401454	-729.1200172787311
0.33453275121094805	0.6977388599325713	-19.359003973423025	0.665467248789052	1.4271163556401454	-732.344465840886
0.3503552038068586	0.6962845559022708	-19.36112933208856	0.6496447961931414	1.4271163556401454	-733.9245729579645
0.3537760714624179	0.6972105891383155	-19.349760507747003	0.6462239285375821	1.4271163556401454	-732.2545707383998
0.3128479146858209	0.7048491378994495	-19.338541129494253	0.687152085314179	1.4271163556401454	-730.5335113462586
0.31225358356218286	0.7187972489218325	-19.306013108692902	0.6877464164378171	1.4271163556401454	-728.6542238787562
0.32314670936109124	0.7037013824427599	-19.349327447266873	0.6768532906389088	1.4271163556401454	-732.7220560155257
0.32490773628548003	0.7062076624029385	-19.330176189367368	0.67509226371452	1.4271163556401454	-729.3701386747266
0.2990111620963384	0.7350727082734425	-19.264117876300087	0.7009888379036616	1.4271163556401454	-729.1200172787311
0.33453275121094805	0.6977388599325713	-19.359003973423025	0.665467248789052	1.4271163556401454	-732.344465840886
0.3503552038068586	0.6962845559022708	-19.36112933208856	0.6496447961931414	1.4271163556401454	-733.9245729579645
0.3537760714624179	0.6972105891383155	-19.349760507747003	0.6462239285375821	1.4271163556401454	-732.2545707383998
0.3142058686229168	0.7059324108327777	-19.334591045880156	0.6857941313770832	1.4271163556401454	-730.1000079769403
0.31225358356218286	0.7187972489218325	-19.306013108692902	0.6877464164378171	1.4271163556401454	-728.6542238787562
0.32314670936109124	0.7037013824427599	-19.349327447266873	0.6768532906389088	1.4271163556401454	-732.7220560155257
0.31746045513597654	0.7085286737710571	-19.325123943569313	0.6825395448640235	1.4271163556401454	-729.1695091636354
0.30816606140341507	0.7219010402560931	-19.29439027762032	0.6918339385965849	1.4271163556401454	-727.0518441015213
0.33714110030713446	0.6976672551039486	-19.35775106150208	0.6628588996928655	1.4271163556401454	-732.1706895653572
0.3503552038068586	0.6962845559022708	-19.36112933208856	0.6496447961931414	1.4271163556401454	-733.9245729579645
0.34569529767637375	0.7018095959635076	-19.339369250198583	0.6543047023236263	1.4271163556401454	-730.3138640656036
0.31597409729534004	0.7080368742321702	-19.330223539473916	0.68402590270466	1.4271163556401454	-729.1359772232698
0.3207815168473785	0.7137584410467858	-19.318349263245693	0.6792184831526216	1.4271163556401454	-729.1738787793067
0.3227111254657159	0.7055535330551781	-19.343622373371463	0.6772888745342841	1.4271163556401454	-731.9946995257229
0.32063607900193747	0.711061946282335	-19.31588653171402	0.6793639209980625	1.4271163556401454	-728.4110698782996
0.3075551247857377	0.7235162938716926	-19.290323902569575	0.6924448752142622	1.4271163556401454	-727.0034777238392
0.3292998186701375	0.6984877522235475	-19.355746387396483	0.6707001813298625	1.4271163556401454	-731.7452601584362
0.3505527989658868	0.6962638799125112	-19.3611798485624	0.6494472010341132	1.4271163556401454	-733.9604139711091
0.34569529767637375	0.7018095959635076	-19.339369250198583	0.6543047023236263	1.4271163556401454	-730.3138640656036
0.31597409729534004	0.7080368742321702	-19.330223539473916	0.68402590270466	1.4271163556401454	-729.1359772232698
0.3207815168473785	0.7137584410467858	-19.318349263245693	0.6792184831526216	1.4271163556401454	-729.1738787793067
0.3227111254657159	0.7055535330551781	-19.343622373371463	0.6772888745342841	1.4271163556401454	-731.9946995257229
0.32063607900193747	0.711061946282335	-19.31588653171402	0.6793639209980625	1.4271163556401454	-728.4110698782996
0.31951399465302954	0.715936626405449	-19.31003094611574	0.6804860053469705	1.4271163556401454	-727.7961478219819
0.33421209309602956	0.6949676495204102	-19.365154901172186	0.6657879069039705	1.4271163556401454	-733.0619369386592
0.35089862845356795	0.695869053019746	-19.362732652691236	0.649101371546432	1.4271163556401454	-734.343554802429
0.33827036103006947	0.7051130010655516	-19.329355064294393	0.6617296389699305	1.4271163556401454	-729.3732079424542
0.3164817518766075	0.7078497472833928	-19.331233180407533	0.6835182481233926	1.4271163556401454	-729.1824335700321
0.3076188551268728	0.7200713570534512	-19.30724380400089	0.6923811448731272	1.4271163556401454	-731.0647099313294
0.3201457520645486	0.7080212624750616	-19.337438769967832	0.6798542479354515	1.4271163556401454	-731.6614918445446
0.3197777382919057	0.7133404954151275	-19.304413631016544	0.6802222617080943	1.4271163556401454	-729.9670588892526
0.31951399465302954	0.715936626405449	-19.31003094611574	0.6804860053469705	1.4271163556401454	-727.7961478219819
0.32618867700324317	0.6945342260932158	-19.366319595162064	0.6738113229967568	1.4271163556401454	-733.5668259281877
0.33690754779696663	0.7007394211773543	-19.349927549462993	0.6630924522030334	1.4271163556401454	-731.415008749074
0.3380168728902661	0.7051448403033381	-19.329376914250787	0.6619831271097338	1.4271163556401454	-729.3580005616345
0.3164817518766075	0.7078497472833928	-19.331233180407533	0.6835182481233926	1.4271163556401454	-729.1824335700321
0.3076188551268728	0.7200713570534512	-19.30724380400089	0.6923811448731272	1.4271163556401454	-731.0647099313294
0.32096027520105375	0.7076674084902006	-19.338045650042492	0.6790397247989463	1.4271163556401454	-731.5934729813026
0.3197777382919057	0.7133404954151275	-19.304413631016544	0.6802222617080943	1.4271163556401454	-729.9670588892526
0.3090126224761239	0.7251119517014577	-19.28594333866275	0.6909873775238762	1.4271163556401454	-726.9180303339292
0.3179108010640617	0.7092709410173393	-19.32758283645496	0.6820891989359383	1.4271163556401454	-728.7877172104686
0.33690754779696663	0.7007394211773543	-19.349927549462993	0.6630924522030334	1.4271163556401454	-731.415008749074
0.3380168728902661	0.7051448403033381	-19.329376914250787	0.6619831271097338	1.4271163556401454	-729.3580005616345
0.30864740227289533	0.7088337764380852	-19.331908479052025	0.6913525977271047	1.4271163556401454	-729.6689542100513
0.30788406578024463	0.7210304980468879	-19.303190681123183	0.6921159342197554	1.4271163556401454	-730.0634505632357
0.32096027520105375	0.7076674084902006	-19.338045650042492	0.6790397247989463	1.4271163556401454	-731.5934729813026
0.3266209151501537	0.708306500169149	-19.322595957758057	0.6733790848498463	1.4271163556401454	-728.8110012522355
0.3090126224761239	0.7251119517014577	-19.28594333866275	0.6909873775238762	1.4271163556401454	-726.9180303339292
0.3160645342192211	0.710241780187138	-19.321248253847394	0.6839354657807789	1.4271163556401454	-728.63886266639
0.33690754779696663	0.7007394211773543	-19.349927549462993	0.6630924522030334	1.4271163556401454	-731.415008749074
0.3380168728902661	0.7051448403033381	-19.329376914250787	0.6619831271097338	1.4271163556401454	-729.3580005616345
0.30860562702892624	0.7069718182632987	-19.33716614261187	0.6913943729710738	1.4271163556401454	-730.1903495474161
0.30788406578024463	0.7210304980468879	-19.303190681123183	0.6921159342197554	1.4271163556401454	-730.0634505632357
0.3179283663630102	0.7120942416059207	-19.324823851418806	0.6820716336369899	1.4271163556401454	-730.0475834541918
0.3239254253558822	0.7101369790156544	-19.31980430778043	0.6760745746441178	1.4271163556401454	-728.1261883179129
0.29573800674939416	0.7367030540150507	-19.25552585897269	0.7042619932506058	1.4271163556401454	-727.2273532094069
0.3156514488257249	0.7098312149135084	-19.320455785955534	0.6843485511742751	1.4271163556401454	-729.2576153665085
0.3369107051549374	0.7007519598689208	-19.349869058302662	0.6630892948450626	1.4271163556401454	-731.4041310855406
0.3380168728902661	0.7051448403033381	-19.329376914250787	0.6619831271097338	1.4271163556401454	-729.3580005616345
0.3083494586292121	0.7119629254060893	-19.32510418721306	0.6916505413707879	1.4271163556401454	-729.42508932084
0.3146306449273072	0.7174737817118086	-19.309053642835107	0.6853693550726928	1.4271163556401454	-728.6649562530157
0.3179283663630102	0.7120942416059207	-19.324823851418806	0.6820716336369899	1.4271163556401454	-730.0475834541918
0.3279052756722087	0.7063860501538833	-19.328879938592596	0.6720947243277913	1.4271163556401454	-729.1629576909432
0.29434860277740704	0.7394286746084869	-19.24786041279388	0.705651397222593	1.4271163556401454	-727.3309692358299
0.31143002859271113	0.7116340696489889	-19.31461523438202	0.6885699714072888	1.4271163556401454	-729.748912782625
0.3316062042832424	0.7030173691359505	-19.342530009072124	0.6683937957167576	1.4271163556401454	-730.1757129259146
0.3314073617533908	0.7068785882670817	-19.328318461435103	0.6685926382466092	1.4271163556401454	-728.7391980610839
0.30312384839815393	0.710483428199038	-19.330886633544974	0.696876151601846	1.4271163556401454	-730.2643683359709
0.3192368928810637	0.7150454225414157	-19.313056598229213	0.6807631071189363	1.4271163556401454	-728.1030430218959
0.3179283663630102	0.7120942416059207	-19.324823851418806	0.6820716336369899	1.4271163556401454	-730.0475834541918
0.32335059150334106	0.7089919683228988	-19.32702824329644	0.676649408496659	1.4271163556401454	-728.6137927303142
0.29188415248579735	0.7434387861201524	-19.238229253117392	0.7081158475142026	1.4271163556401454	-728.0970496871346
0.31143002859271113	0.7116340696489889	-19.31461523438202	0.6885699714072888	1.4271163556401454	-729.748912782625
0.3316062042832424	0.7030173691359505	-19.342530009072124	0.6683937957167576	1.4271163556401454	-730.1757129259146
0.3314073617533908	0.7068785882670817	-19.328318461435103	0.6685926382466092	1.4271163556401454	-728.7391980610839
0.29112074130356674	0.7078836908171761	-19.337352631153546	0.7088792586964332	1.4271163556401454	-732.1066079546478
0.3192368928810637	0.7150454225414157	-19.313056598229213	0.6807631071189363	1.4271163556401454	-728.1030430218959
0.31590526590303525	0.7132517388221773	-19.324001365058283	0.6840947340969648	1.4271163556401454	-731.1533022260024
0.3249703473833197	0.7066084397844867	-19.332529534550023	0.6750296526166804	1.4271163556401454	-729.0884071425559
0.29188415248579735	0.7434387861201524	-19.238229253117392	0.7081158475142026	1.4271163556401454	-728.0970496871346
0.3110198126408031	0.711809261819075	-19.314047679556595	0.688980187359197	1.4271163556401454	-729.8137110417422
0.3316062042832424	0.7030173691359505	-19.342530009072124	0.6683937957167576	1.4271163556401454	-730.1757129259146
0.3314073617533908	0.7068785882670817	-19.328318461435103	0.6685926382466092	1.4271163556401454	-728.7391980610839
0.29112074130356674	0.7078836908171761	-19.337352631153546	0.7088792586964332	1.4271163556401454	-732.1066079546478
0.31939644338402423	0.7150860631637825	-19.312918725723357	0.6806035566159758	1.4271163556401454	-728.0983372764841
0.3049054811786347	0.7270750373502438	-19.284724469340787	0.6950945188213653	1.4271163556401454	-728.5295960274589
0.3249703473833197	0.7066084397844867	-19.332529534550023	0.6750296526166804	1.4271163556401454	-729.0884071425559
0.29188415248579735	0.7434387861201524	-19.238229253117392	0.7081158475142026	1.4271163556401454	-728.0970496871346
0.3110198126408031	0.711809261819075	-19.314047679556595	0.688980187359197	1.4271163556401454	-729.8137110417422
0.34321300728366294	0.6980604165943747	-19.358588616788413	0.656786992716337	1.4271163556401454	-733.4288512135181
0.33264378538925726	0.706930478468015	-19.32750959725797	0.6673562146107428	1.4271163556401454	-728.702578769556
0.29112074130356674	0.7078836908171761	-19.337352631153546	0.7088792586964332	1.4271163556401454	-732.1066079546478
0.3207506022183028	0.7141180213501765	-19.315515417954312	0.6792493977816971	1.4271163556401454	-728.2931058370542
0.3076248934495488	0.7202854255077484	-19.297766270914163	0.6923751065504512	1.4271163556401454	-727.0677595728573
0.32693009382109084	0.7066906863814334	-19.331247475032722	0.6730699061789092	1.4271163556401454	-728.9539152027005
0.29188415248579735	0.7434387861201524	-19.238229253117392	0.7081158475142026	1.4271163556401454	-728.0970496871346
0.3110198126408031	0.711809261819075	-19.314047679556595	0.688980187359197	1.4271163556401454	-729.8137110417422
0.34729271885141966	0.6958980878708292	-19.365438986198825	0.6527072811485803	1.4271163556401454	-735.1758573910929
0.3529100064982668	0.7064652425331912	-19.32270549135235	0.6470899935017331	1.4271163556401454	-729.0611283231315
0.284356825926676	0.7093269300907273	-19.333970629360753	0.715643174073324	1.4271163556401454	-732.9789318726296
0.3207506022183028	0.7141180213501765	-19.315515417954312	0.6792493977816971	1.4271163556401454	-728.2931058370542
0.31395510089710144	0.7173110377304373	-19.30632624925596	0.6860448991028986	1.4271163556401454	-727.4416700816236
0.32693009382109084	0.7066906863814334	-19.331247475032722	0.6730699061789092	1.4271163556401454	-728.9539152027005
0.29555308045061096	0.7390954826545186	-19.2495492457519	0.704446919549389	1.4271163556401454	-727.5174823508521
0.3110866400383192	0.7117877624457069	-19.3141199232559	0.6889133599616808	1.4271163556401454	-729.8007158082553
0.34729271885141966	0.6958980878708292	-19.365438986198825	0.6527072811485803	1.4271163556401454	-735.1758573910929
0.3355683301061337	0.7112934988881588	-19.315413893244216	0.6644316698938664	1.4271163556401454	-727.5620233270715
0.284356825926676	0.7093269300907273	-19.333970629360753	0.715643174073324	1.4271163556401454	-732.9789318726296
0.3207506022183028	0.7141180213501765	-19.315515417954312	0.6792493977816971	1.4271163556401454	-728.2931058370542
0.31395510089710144	0.7173110377304373	-19.30632624925596	0.6860448991028986	1.4271163556401454	-727.4416700816236
0.32693009382109084	0.7066906863814334	-19.331247475032722	0.6730699061789092	1.4271163556401454	-728.9539152027005
0.29555308045061096	0.7390954826545186	-19.2495492457519	0.704446919549389	1.4271163556401454	-727.5174823508521
0.30737436036066124	0.7183138837897521	-19.298688533398526	0.6926256396393388	1.4271163556401454	-727.7021509761503
0.34729271885141966	0.6958980878708292	-19.365438986198825	0.6527072811485803	1.4271163556401454	-735.1758573910929
0.3355683301061337	0.7112934988881588	-19.315413893244216	0.6644316698938664	1.4271163556401454	-727.5620233270715
0.284356825926676	0.7093269300907273	-19.333970629360753	0.715643174073324	1.4271163556401454	-732.9789318726296
0.3207506022183028	0.7141180213501765	-19.315515417954312	0.6792493977816971	1.4271163556401454	-728.2931058370542
0.3286176461389876	0.7212662459174113	-19.292631634472652	0.6713823538610124	1.4271163556401454	-727.0576169896607
0.32693009382109084	0.7066906863814334	-19.331247475032722	0.6730699061789092	1.4271163556401454	-728.9539152027005
0.3067262145007628	0.7275563623325163	-19.278641411301138	0.6932737854992372	1.4271163556401454	-726.5859664646168
0.3095739748076883	0.7177661730490285	-19.299993399065915	0.6904260251923118	1.4271163556401454	-727.5265875542505
0.34729271885141966	0.6958980878708292	-19.365438986198825	0.6527072811485803	1.4271163556401454	-735.1758573910929
0.3355683301061337	0.7112934988881588	-19.315413893244216	0.6644316698938664	1.4271163556401454	-727.5620233270715
0.284356825926676	0.7093269300907273	-19.333970629360753	0.715643174073324	1.4271163556401454	-732.9789318726296
0.3151037273147193	0.7209051867241988	-19.30113932296007	0.6848962726852807	1.4271163556401454	-729.4583977296824
0.34005313559736006	0.7243509587542115	-19.281951045229277	0.6599468644026399	1.4271163556401454	-727.7360477638929
0.32693009382109084	0.7066906863814334	-19.331247475032722	0.6730699061789092	1.4271163556401454	-728.9539152027005
0.3067262145007628	0.7275563623325163	-19.278641411301138	0.6932737854992372	1.4271163556401454	-726.5859664646168
0.30884182987628367	0.7202831817466938	-19.294503909806803	0.6911581701237164	1.4271163556401454	-726.88252268148
0.3321132097527303	0.7055247509786818	-19.33743548182718	0.6678867902472697	1.4271163556401454	-730.0654255688254
0.338550070130643	0.7119939724987221	-19.312050439916238	0.661449929869357	1.4271163556401454	-727.3548915924732
0.284356825926676	0.7093269300907273	-19.333970629360753	0.715643174073324	1.4271163556401454	-732.9789318726296
0.3151037273147193	0.7209051867241988	-19.30113932296007	0.6848962726852807	1.4271163556401454	-729.4583977296824
0.327597047784815	0.7238340315330979	-19.285556678186197	0.672402952215185	1.4271163556401454	-726.8287896675041
0.32924684971297835	0.7098084498366987	-19.322544630361246	0.6707531502870216	1.4271163556401454	-728.1431918881667
0.30079357200862333	0.7227216881988434	-19.293315414080883	0.6992064279913767	1.4271163556401454	-727.4552570482311
0.30884182987628367	0.7202831817466938	-19.294503909806803	0.6911581701237164	1.4271163556401454	-726.88252268148
0.3209929314616091	0.7125770984609489	-19.31692053897134	0.6790070685383909	1.4271163556401454	-727.7773919444408
0.338550070130643	0.7119939724987221	-19.312050439916238	0.661449929869357	1.4271163556401454	-727.3548915924732
0.284356825926676	0.7093269300907273	-19.333970629360753	0.715643174073324	1.4271163556401454	-732.9789318726296
0.3157211068414367	0.7200321330717555	-19.302793706036127	0.6842788931585633	1.4271163556401454	-729.082015249081
0.327597047784815	0.7238340315330979	-19.285556678186197	0.672402952215185	1.4271163556401454	-726.8287896675041
0.32924684971297835	0.7098084498366987	-19.322544630361246	0.6707531502870216	1.4271163556401454	-728.1431918881667
0.27897438525744267	0.7359893522207195	-19.26399027509061	0.7210256147425573	1.4271163556401454	-730.0693179541586
0.3010935159218493	0.7224451204928928	-19.28992753561113	0.6989064840781507	1.4271163556401454	-727.3745725801415
0.32364548172978375	0.7088260529537674	-19.324028539936958	0.6763545182702162	1.4271163556401454	-728.4843980651406
0.3179831136343412	0.7202777535732484	-19.295458917363412	0.6820168863656588	1.4271163556401454	-726.472092809897
0.29966642569453156	0.7095398744843682	-19.33007075547259	0.7003335743054684	1.4271163556401454	-730.3340194472903
0.32990480554645996	0.7248732889736452	-19.288694735038263	0.67009519445354	1.4271163556401454	-731.6430927171306
0.3267496021056241	0.720615447704985	-19.293807283783337	0.6732503978943759	1.4271163556401454	-726.6538151994107
0.3301315937175136	0.7099636208154408	-19.322310244742532	0.6698684062824865	1.4271163556401454	-728.1698320645654
0.27897438525744267	0.7359893522207195	-19.26399027509061	0.7210256147425573	1.4271163556401454	-730.0693179541586
0.3009787850918637	0.7225153737488289	-19.289793000331592	0.6990212149081363	1.4271163556401454	-727.3722226386798
0.32364548172978375	0.7088260529537674	-19.324028539936958	0.6763545182702162	1.4271163556401454	-728.4843980651406
0.3141461130663342	0.7274851282276766	-19.277434599757136	0.6858538869336658	1.4271163556401454	-726.3332107703234
0.3038462688880917	0.7095980127889524	-19.329006007760412	0.6961537311119084	1.4271163556401454	-729.8006831109572
0.31797444822414467	0.7239007814967892	-19.2891477077313	0.6820255517758553	1.4271163556401454	-727.5362801362103
0.32687280207445557	0.7202274205034458	-19.294845596205352	0.6731271979255444	1.4271163556401454	-726.6848455552947
0.3361895994016364	0.7100478828710556	-19.320767065394925	0.6638104005983636	1.4271163556401454	-728.1915662826731
0.2828522207597394	0.7347132729166471	-19.266488308796205	0.7171477792402605	1.4271163556401454	-729.4561659272047
0.3128544352157712	0.7214660606098017	-19.29211024839915	0.6871455647842288	1.4271163556401454	-726.3924292910976
0.32404259383260753	0.708895700527924	-19.32392333734113	0.6759574061673925	1.4271163556401454	-728.4310725708806
0.3140889106121355	0.7272185714855444	-19.27808451654476	0.6859110893878645	1.4271163556401454	-726.3101059566445
0.3038462688880917	0.7095980127889524	-19.329006007760412	0.6961537311119084	1.4271163556401454	-729.8006831109572
0.31579728733666557	0.7245710275237354	-19.287743094167276	0.6842027126633344	1.4271163556401454	-727.512235795772
0.33637724801234414	0.718776459547205	-19.298187681411136	0.6636227519876559	1.4271163556401454	-727.6676878618877
0.34669534348191156	0.7120634328596346	-19.315426621539768	0.6533046565180884	1.4271163556401454	-729.365054579936
0.28824358900602	0.7311452804956913	-19.27448155691998	0.71175641099398	1.4271163556401454	-728.5949146855203
0.31304174192554524	0.7223388879567443	-19.289982126855737	0.6869582580744548	1.4271163556401454	-726.3064670753961
0.3237335043928295	0.707658153789431	-19.327098942084547	0.6762664956071704	1.4271163556401454	-728.8557939738289
0.3140889106121355	0.7272185714855444	-19.27808451654476	0.6859110893878645	1.4271163556401454	-726.3101059566445
0.2877402453919222	0.7055564419531068	-19.344501990179644	0.7122597546080778	1.4271163556401454	-733.5646309838038
0.31579728733666557	0.7245710275237354	-19.287743094167276	0.6842027126633344	1.4271163556401454	-727.512235795772
0.33637724801234414	0.718776459547205	-19.298187681411136	0.6636227519876559	1.4271163556401454	-727.6676878618877
0.3266656319060763	0.7173632387312587	-19.302444069726654	0.6733343680939237	1.4271163556401454	-726.8748870596662
0.3074022333917015	0.7248908517559731	-19.28790205968218	0.6925977666082985	1.4271163556401454	-727.3713015517529
0.3007953975230157	0.7242084306634805	-19.285675897253284	0.6992046024769842	1.4271163556401454	-727.0698648724264
0.320824114727166	0.7138583546799849	-19.312671224646426	0.679175885272834	1.4271163556401454	-727.4143741125655
0.30981685986686636	0.7356927800152868	-19.256146625784716	0.6901831401331336	1.4271163556401454	-726.6989123148932
0.29142748459327456	0.7077219112395868	-19.337976234255144	0.7085725154067255	1.4271163556401454	-732.0927959806844
0.3198540530170091	0.7244164779547165	-19.28766627681155	0.6801459469829909	1.4271163556401454	-727.7268171658392
0.33637724801234414	0.718776459547205	-19.298187681411136	0.6636227519876559	1.4271163556401454	-727.6676878618877
0.33364696823984896	0.7118925448174115	-19.3159660544895	0.666353031760151	1.4271163556401454	-727.7388935760055
0.3067658904669737	0.7252991677903985	-19.287052683450884	0.6932341095330263	1.4271163556401454	-727.4373777512752
0.3007953975230157	0.7242084306634805	-19.285675897253284	0.6992046024769842	1.4271163556401454	-727.0698648724264
0.3190206531472186	0.7174357722752176	-19.303410065196335	0.6809793468527814	1.4271163556401454	-726.8895304665584
0.30841837706690844	0.7456894075042558	-19.22851114574754	0.6915816229330916	1.4271163556401454	-727.4916508355989
0.29142748459327456	0.7077219112395868	-19.337976234255144	0.7085725154067255	1.4271163556401454	-732.0927959806844
0.3246364317015396	0.721571428153617	-19.293427913220068	0.6753635682984604	1.4271163556401454	-727.3245847565983
0.3301439711285416	0.718294978297811	-19.300063196993516	0.6698560288714583	1.4271163556401454	-727.1232022907767
0.338417530247657	0.7075608862341541	-19.32575411176664	0.661582469752343	1.4271163556401454	-728.5406574049707
0.311715151266269	0.7221234232910475	-19.2936588455092	0.688284848733731	1.4271163556401454	-727.0295716252797
0.3023763221917516	0.7238898897065013	-19.28645090040613	0.6976236778082484	1.4271163556401454	-726.9221394189187
0.3027409943322418	0.7257236927870023	-19.284656868337535	0.6972590056677582	1.4271163556401454	-727.0012704857205
0.3051252515761919	0.7498749258274355	-19.217836401421895	0.694874748423808	1.4271163556401454	-728.2616104455426
0.29142748459327456	0.7077219112395868	-19.337976234255144	0.7085725154067255	1.4271163556401454	-732.0927959806844
0.323162548751053	0.7218402458403926	-19.29295468253992	0.676837451248947	1.4271163556401454	-727.2675989249555
0.3301439711285416	0.718294978297811	-19.300063196993516	0.6698560288714583	1.4271163556401454	-727.1232022907767
0.32353403396515074	0.7151380250138302	-19.308609210948674	0.6764659660348493	1.4271163556401454	-727.0992570579475
0.3067432610237531	0.7248349171227361	-19.287682818382645	0.693256738976247	1.4271163556401454	-727.2145717114466
0.30281059061294346	0.7245311671407073	-19.284407229086618	0.6971894093870565	1.4271163556401454	-726.7899301352551
0.288605963117363	0.7329197904738124	-19.26837415467685	0.711394036882637	1.4271163556401454	-728.2025797521244
0.3051252515761919	0.7498749258274355	-19.217836401421895	0.694874748423808	1.4271163556401454	-728.2616104455426
0.29142748459327456	0.7077219112395868	-19.337976234255144	0.7085725154067255	1.4271163556401454	-732.0927959806844
0.320030757755438	0.726707868605445	-19.279911999141692	0.679969242244562	1.4271163556401454	-726.9674081934298
0.34371563202979005	0.7011641120176847	-19.34466796520155	0.65628436797021	1.4271163556401454	-730.7814288990216
0.32353403396515074	0.7151380250138302	-19.308609210948674	0.6764659660348493	1.4271163556401454	-727.0992570579475
0.31540726843335093	0.720972853270617	-19.29690637562253	0.6845927315666491	1.4271163556401454	-727.3165063525696
0.314113403773293	0.7412218558232673	-19.231216082877538	0.685886596226707	1.4271163556401454	-725.247679099203
0.288605963117363	0.7329197904738124	-19.26837415467685	0.711394036882637	1.4271163556401454	-728.2025797521244
0.3001884585673489	0.7346826168928131	-19.26113583026708	0.6998115414326511	1.4271163556401454	-727.1496727353414
0.29142748459327456	0.7077219112395868	-19.337976234255144	0.7085725154067255	1.4271163556401454	-732.0927959806844
0.32386627133141593	0.7314654721474481	-19.265813953884802	0.676133728668584	1.4271163556401454	-727.0664995930117
0.34371563202979005	0.7011641120176847	-19.34466796520155	0.65628436797021	1.4271163556401454	-730.7814288990216
0.3309835019936183	0.7168587363184556	-19.301795376840285	0.6690164980063817	1.4271163556401454	-726.6709493060007
0.31552102790958586	0.721113961488943	-19.296488234423812	0.6844789720904141	1.4271163556401454	-727.3014050700499
0.31258496899838334	0.7449707751634405	-19.218638073848705	0.6874150310016167	1.4271163556401454	-725.9861834026541
0.288605963117363	0.7329197904738124	-19.26837415467685	0.711394036882637	1.4271163556401454	-728.2025797521244
0.3004839821920553	0.7317204446228517	-19.268953605460215	0.6995160178079447	1.4271163556401454	-727.0114352333278
0.29142748459327456	0.7077219112395868	-19.337976234255144	0.7085725154067255	1.4271163556401454	-732.0927959806844
0.3272769127241176	0.7339618901638243	-19.258226750873494	0.6727230872758825	1.4271163556401454	-727.3834499132886
0.34371563202979005	0.7011641120176847	-19.34466796520155	0.65628436797021	1.4271163556401454	-730.7814288990216
0.32850626390159826	0.7206438323089447	-19.290598808143546	0.6714937360984017	1.4271163556401454	-725.9268839997219
0.3343363144005528	0.7315721684382079	-19.264089155860916	0.6656636855994472	1.4271163556401454	-728.1709222645234
0.3031305186447118	0.7594167027637133	-19.17590604772017	0.6968694813552883	1.4271163556401454	-730.7573655069706
0.3008263974562169	0.7282882553983224	-19.27801185100851	0.6991736025437831	1.4271163556401454	-726.995330152415
0.3004839821920553	0.7317204446228517	-19.268953605460215	0.6995160178079447	1.4271163556401454	-727.0114352333278
0.2938809108327631	0.7142231696863035	-19.31927784376181	0.7061190891672369	1.4271163556401454	-729.8688002132614
0.3272721038472469	0.7339635180464779	-19.25822275739288	0.6727278961527531	1.4271163556401454	-727.3830016545104
0.34371563202979005	0.7011641120176847	-19.34466796520155	0.65628436797021	1.4271163556401454	-730.7814288990216
0.32850626390159826	0.7206438323089447	-19.290598808143546	0.6714937360984017	1.4271163556401454	-725.9268839997219
0.33754361883045614	0.7304864439776788	-19.26675262768868	0.6624563811695439	1.4271163556401454	-728.6121517776664
0.3089491207372449	0.7532819791068017	-19.195746011630316	0.6910508792627551	1.4271163556401454	-727.2663185563459
0.31339043805362937	0.7203424656915891	-19.297538199126254	0.6866095619463706	1.4271163556401454	-726.9389719133393
0.3004839821920553	0.7317204446228517	-19.268953605460215	0.6995160178079447	1.4271163556401454	-727.0114352333278
0.29274805935899656	0.7112866676003845	-19.32856515917448	0.7072519406410034	1.4271163556401454	-730.8195023889331
0.317553698616829	0.7372533555117404	-19.250152211204416	0.682446301383171	1.4271163556401454	-726.7320162603775
0.3367298426225775	0.7055820867237412	-19.3338110314958	0.6632701573774225	1.4271163556401454	-729.3924238819195
0.33104887306345326	0.7196387929533499	-19.292562791348885	0.6689511269365467	1.4271163556401454	-726.0028691946584
0.33754361883045614	0.7304864439776788	-19.26675262768868	0.6624563811695439	1.4271163556401454	-728.6121517776664
0.3089491207372449	0.7532819791068017	-19.195746011630316	0.6910508792627551	1.4271163556401454	-727.2663185563459
0.3005981716079096	0.7284325907005074	-19.277657154815916	0.6994018283920904	1.4271163556401454	-727.0053486529939
0.30155812090044387	0.7411215861514969	-19.242350548518317	0.6984418790995561	1.4271163556401454	-727.131806670803
0.29828730939561954	0.7124945926075211	-19.32335832156431	0.7017126906043805	1.4271163556401454	-729.724861376376
0.31599627588411316	0.7401545254599287	-19.240304726155973	0.6840037241158868	1.4271163556401454	-725.9997923903202
0.3367298426225775	0.7055820867237412	-19.3338110314958	0.6632701573774225	1.4271163556401454	-729.3924238819195
0.3532959466903435	0.7135802157995039	-19.302480052299025	0.6467040533096565	1.4271163556401454	-727.3633682986448
0.3379045809057313	0.7415331278088624	-19.237007913640138	0.6620954190942687	1.4271163556401454	-730.7712426085067
0.3089491207372449	0.7532819791068017	-19.195746011630316	0.6910508792627551	1.4271163556401454	-727.2663185563459
0.3006157418577824	0.7279266907926328	-19.27899636419724	0.6993842581422176	1.4271163556401454	-727.0181086455859
0.30155812090044387	0.7411215861514969	-19.242350548518317	0.6984418790995561	1.4271163556401454	-727.131806670803
0.29828730939561954	0.7124945926075211	-19.32335832156431	0.7017126906043805	1.4271163556401454	-729.724861376376
0.3184918808691262	0.7383765210371455	-19.244464683885184	0.6815081191308738	1.4271163556401454	-725.7766265231332
0.3367298426225775	0.7055820867237412	-19.3338110314958	0.6632701573774225	1.4271163556401454	-729.3924238819195
0.365761788925585	0.7195987349895141	-19.278903776178524	0.634238211074415	1.4271163556401454	-727.1625613066342
0.3346665841573609	0.7410066125666019	-19.238251686930884	0.6653334158426392	1.4271163556401454	-729.5441652315499
0.3106116906843864	0.7596422382450779	-19.175846541963914	0.6893883093156137	1.4271163556401454	-728.8204956734374
0.306446049573925	0.7313349058366253	-19.267733847048152	0.693553950426075	1.4271163556401454	-726.3334413227573
0.3054503026242256	0.735589636601628	-19.25740036222275	0.6945496973757743	1.4271163556401454	-726.8534071908821
0.3133780880201192	0.7243218921938313	-19.288054556133563	0.6866219119798809	1.4271163556401454	-727.1380141505393
0.3233790971521166	0.7361962437197932	-19.248638567418336	0.6766209028478833	1.4271163556401454	-725.3936309641041
0.32610244639253055	0.727470778385143	-19.269824358875663	0.6738975536074694	1.4271163556401454	-725.0105431147474
0.34492873557141374	0.7265825525872235	-19.26704284415492	0.6550712644285863	1.4271163556401454	-725.2268705862689
0.3375895297389685	0.7420083608633753	-19.235198068318656	0.6624104702610315	1.4271163556401454	-730.3077402848496
0.3104047064841156	0.7598025914838872	-19.17530956685578	0.6895952935158844	1.4271163556401454	-728.9264866483029
0.306446049573925	0.7313349058366253	-19.267733847048152	0.693553950426075	1.4271163556401454	-726.3334413227573
0.3054503026242256	0.735589636601628	-19.25740036222275	0.6945496973757743	1.4271163556401454	-726.8534071908821
0.3102137140714218	0.7220103156527785	-19.294962764864103	0.6897862859285782	1.4271163556401454	-727.3287857456064
0.33261069322259706	0.7461434482178988	-19.2161559365304	0.6673893067774029	1.4271163556401454	-725.6078245008185
0.3240595291041812	0.7278723826490305	-19.269607089007064	0.6759404708958188	1.4271163556401454	-725.0592826278667
0.34492873557141374	0.7265825525872235	-19.26704284415492	0.6550712644285863	1.4271163556401454	-725.2268705862689
0.3375895297389685	0.7420083608633753	-19.235198068318656	0.6624104702610315	1.4271163556401454	-730.3077402848496
0.3104047064841156	0.7598025914838872	-19.17530956685578	0.6895952935158844	1.4271163556401454	-728.9264866483029
0.30754251629381274	0.7286212611318028	-19.275658013922243	0.6924574837061872	1.4271163556401454	-726.5353806466372
0.3054503026242256	0.735589636601628	-19.25740036222275	0.6945496973757743	1.4271163556401454	-726.8534071908821
0.3112126524567745	0.722433248049767	-19.29313342091864	0.6887873475432256	1.4271163556401454	-727.0976281031469
0.3425045030802425	0.749987921846752	-19.201131686271186	0.6574954969197575	1.4271163556401454	-726.1607066140646
0.3240595291041812	0.7278723826490305	-19.269607089007064	0.6759404708958188	1.4271163556401454	-725.0592826278667
0.3534479379186859	0.7130541668865847	-19.302236412305128	0.6465520620813141	1.4271163556401454	-727.4612669326416
0.3375895297389685	0.7420083608633753	-19.235198068318656	0.6624104702610315	1.4271163556401454	-730.3077402848496
0.3104047064841156	0.7598025914838872	-19.17530956685578	0.6895952935158844	1.4271163556401454	-728.9264866483029
0.30754251629381274	0.7286212611318028	-19.275658013922243	0.6924574837061872	1.4271163556401454	-726.5353806466372
0.3054503026242256	0.735589636601628	-19.25740036222275	0.6945496973757743	1.4271163556401454	-726.8534071908821
0.3112126524567745	0.722433248049767	-19.29313342091864	0.6887873475432256	1.4271163556401454	-727.0976281031469
0.3311619612145752	0.7455805091600178	-19.218355909297234	0.6688380387854248	1.4271163556401454	-725.5719455656883
0.3240595291041812	0.7278723826490305	-19.269607089007064	0.6759404708958188	1.4271163556401454	-725.0592826278667
0.3534479379186859	0.7130541668865847	-19.302236412305128	0.6465520620813141	1.4271163556401454	-727.4612669326416
0.3375895297389685	0.7420083608633753	-19.235198068318656	0.6624104702610315	1.4271163556401454	-730.3077402848496
0.3104047064841156	0.7598025914838872	-19.17530956685578	0.6895952935158844	1.4271163556401454	-728.9264866483029
0.3047950388218829	0.7332536305546257	-19.26257585977223	0.695204961178117	1.4271163556401454	-726.3570549050635
0.30539575003517744	0.7353951574049433	-19.257831237222906	0.6946042499648226	1.4271163556401454	-726.8009957383188
0.3115642251432373	0.7216498322446872	-19.295267079464093	0.6884357748567627	1.4271163556401454	-727.1647723746966
0.3358280528685841	0.7374744731376827	-19.23951792868799	0.6641719471314159	1.4271163556401454	-724.9498473597272
0.3071197529034825	0.7364137521492944	-19.250799216905577	0.6928802470965175	1.4271163556401454	-725.69549774202
0.3484282043484879	0.7155852156270145	-19.296663109219345	0.6515717956515121	1.4271163556401454	-726.7274283011943
0.3375895297389685	0.7420083608633753	-19.235198068318656	0.6624104702610315	1.4271163556401454	-730.3077402848496
0.3189533584496177	0.7539453799407312	-19.193037739713812	0.6810466415503823	1.4271163556401454	-726.4328148331552
0.3047597096687321	0.733127682630903	-19.26285490150306	0.6952402903312679	1.4271163556401454	-726.338632778236
0.30560315557115775	0.7355176990739758	-19.256985252584624	0.6943968444288422	1.4271163556401454	-726.6198096016456
0.3115642251432373	0.7216498322446872	-19.295267079464093	0.6884357748567627	1.4271163556401454	-727.1647723746966
0.3358280528685841	0.7374744731376827	-19.23951792868799	0.6641719471314159	1.4271163556401454	-724.9498473597272
0.31933704343221514	0.7306131392731587	-19.263228647217908	0.6806629565677849	1.4271163556401454	-725.0603650571223
0.35234672204312606	0.7149405671642093	-19.296811502513183	0.647653277956874	1.4271163556401454	-727.033254901518
0.3375895297389685	0.7420083608633753	-19.235198068318656	0.6624104702610315	1.4271163556401454	-730.3077402848496
0.3189533584496177	0.7539453799407312	-19.193037739713812	0.6810466415503823	1.4271163556401454	-726.4328148331552
0.3079705583205362	0.7319005395037614	-19.26514606249706	0.6920294416794638	1.4271163556401454	-726.0560623165342
0.3047826962173893	0.7374264204736047	-19.251716284899743	0.6952173037826107	1.4271163556401454	-726.6742319656302
0.3124882949742977	0.7195000708297002	-19.301201430819912	0.6875117050257022	1.4271163556401454	-727.4039030117572
0.34806377435737595	0.7374934118479399	-19.234710263216307	0.651936225642624	1.4271163556401454	-725.1868511058259
0.3198786231821989	0.730309040546688	-19.26393370456389	0.6801213768178012	1.4271163556401454	-725.0535709980728
0.33638352668180643	0.7210414855191916	-19.285420666470223	0.6636164733181935	1.4271163556401454	-725.6175433270672
0.3248614496267725	0.7320517057060096	-19.26457575276831	0.6751385503732275	1.4271163556401454	-727.4920307124987
0.319410567034917	0.7548630958411278	-19.19003590558585	0.680589432965083	1.4271163556401454	-726.6120717419019
0.3079705583205362	0.7319005395037614	-19.26514606249706	0.6920294416794638	1.4271163556401454	-726.0560623165342
0.3047826962173893	0.7374264204736047	-19.251716284899743	0.6952173037826107	1.4271163556401454	-726.6742319656302
0.3124882949742977	0.7195000708297002	-19.301201430819912	0.6875117050257022	1.4271163556401454	-727.4039030117572
0.3523580370014176	0.7375000585990987	-19.233022959508144	0.6476419629985823	1.4271163556401454	-725.3881498391968
0.31725999108402203	0.7317794106744019	-19.260524629912737	0.682740008915978	1.4271163556401454	-725.1012886042867
0.3395821069511992	0.7243369897983507	-19.274929060261513	0.6604178930488007	1.4271163556401454	-725.2610473530489
0.3248614496267725	0.7320517057060096	-19.26457575276831	0.6751385503732275	1.4271163556401454	-727.4920307124987
0.318614939699305	0.7530975060953287	-19.195745444668137	0.681385060300695	1.4271163556401454	-726.28144697471
0.30858387590620673	0.730837406951139	-19.267729837612034	0.6914161240937933	1.4271163556401454	-725.9909443330127
0.30501168396392914	0.7370294901830245	-19.25268096103975	0.6949883160360708	1.4271163556401454	-726.6147950328303
0.31169680373100694	0.7196476434585202	-19.301084493918353	0.6883031962689931	1.4271163556401454	-727.4601118815839
0.35657380212494577	0.7394033495862976	-19.2258138729448	0.6434261978750542	1.4271163556401454	-725.7316269509718
0.32017336811523334	0.7392766078636961	-19.235689255919702	0.6798266318847667	1.4271163556401454	-724.8520458129835
0.3479251382224662	0.7128929123051552	-19.306436958926643	0.6520748617775338	1.4271163556401454	-727.3147702983537
0.3197042629418869	0.730856152650347	-19.270879361134117	0.6802957370581131	1.4271163556401454	-728.501819763411
0.3347399287049458	0.7472802052322636	-19.208518563892348	0.6652600712950543	1.4271163556401454	-725.3144272647269
0.3073149476406425	0.7330369834472038	-19.262384115669843	0.6926850523593575	1.4271163556401454	-726.1454095932038
0.30501168396392914	0.7370294901830245	-19.25268096103975	0.6949883160360708	1.4271163556401454	-726.6147950328303
0.31169680373100694	0.7196476434585202	-19.301084493918353	0.6883031962689931	1.4271163556401454	-727.4601118815839
0.35657380212494577	0.7394033495862976	-19.2258138729448	0.6434261978750542	1.4271163556401454	-725.7316269509718
0.3172229082355748	0.738771355857345	-19.23793482556891	0.6827770917644251	1.4271163556401454	-724.9632071995471
0.34694798961355766	0.7138218905762088	-19.303945909912127	0.6530520103864423	1.4271163556401454	-727.0844554195942
0.3264999534681604	0.7296599403637716	-19.27553910686794	0.6735000465318396	1.4271163556401454	-731.1317977725299
0.34509530213351614	0.7435443687140302	-19.21672138619307	0.6549046978664839	1.4271163556401454	-725.2764034803447
0.3073149476406425	0.7330369834472038	-19.262384115669843	0.6926850523593575	1.4271163556401454	-726.1454095932038
0.3081923783356035	0.735938649171967	-19.256064424550775	0.6918076216643965	1.4271163556401454	-726.8641298401285
0.31169680373100694	0.7196476434585202	-19.301084493918353	0.6883031962689931	1.4271163556401454	-727.4601118815839
0.35657380212494577	0.7394033495862976	-19.2258138729448	0.6434261978750542	1.4271163556401454	-725.7316269509718
0.31505667670206766	0.7405895617605984	-19.233124231759362	0.6849433232979323	1.4271163556401454	-725.1381973770319
0.36361201545802213	0.7049178499206288	-19.32391834524965	0.6363879845419779	1.4271163556401454	-730.1102140020665
0.3264999534681604	0.7296599403637716	-19.27553910686794	0.6735000465318396	1.4271163556401454	-731.1317977725299
0.34509530213351614	0.7435443687140302	-19.21672138619307	0.6549046978664839	1.4271163556401454	-725.2764034803447
0.30653681264278976	0.7354146777001608	-19.255511658399616	0.6934631873572102	1.4271163556401454	-726.0832197017814
0.308011605354935	0.7358161662484999	-19.256668560153077	0.691988394645065	1.4271163556401454	-726.9660229278301
0.31169680373100694	0.7196476434585202	-19.301084493918353	0.6883031962689931	1.4271163556401454	-727.4601118815839
0.35657380212494577	0.7394033495862976	-19.2258138729448	0.6434261978750542	1.4271163556401454	-725.7316269509718
0.3180711263028811	0.7426320052628671	-19.223050069578346	0.681928873697119	1.4271163556401454	-725.7221461574758
0.3505862117460876	0.712208963017286	-19.30796999376268	0.6494137882539124	1.4271163556401454	-727.5922810306092
0.3264999534681604	0.7296599403637716	-19.27553910686794	0.6735000465318396	1.4271163556401454	-731.1317977725299
0.34842257816247835	0.7442458932392537	-19.213374109249017	0.6515774218375217	1.4271163556401454	-725.5057682342687
0.30653681264278976	0.7354146777001608	-19.255511658399616	0.6934631873572102	1.4271163556401454	-726.0832197017814
0.30859005413905105	0.7356235551317059	-19.257258966864157	0.691409945860949	1.4271163556401454	-727.0264383694812
0.31169680373100694	0.7196476434585202	-19.301084493918353	0.6883031962689931	1.4271163556401454	-727.4601118815839
0.3536379568437222	0.7381109347927916	-19.230738063628415	0.6463620431562778	1.4271163556401454	-725.4825026059777
0.32404180511217323	0.7463680181725446	-19.206246493205896	0.6759581948878268	1.4271163556401454	-727.7677964683745
0.3505862117460876	0.712208963017286	-19.30796999376268	0.6494137882539124	1.4271163556401454	-727.5922810306092
0.33427843400181767	0.7240242751634475	-19.28601242403863	0.6657215659981823	1.4271163556401454	-728.5503792736562
0.3421322773911089	0.7429196431103985	-19.21970222226395	0.6578677226088911	1.4271163556401454	-725.1115075396717
0.30653681264278976	0.7354146777001608	-19.255511658399616	0.6934631873572102	1.4271163556401454	-726.0832197017814
0.30802480020222284	0.7385302737778013	-19.249285182377278	0.6919751997977772	1.4271163556401454	-727.1968573785365
0.3106388849675873	0.7190514281224998	-19.302934161483297	0.6893611150324127	1.4271163556401454	-727.5682408620752
0.3594201659752028	0.740656372956194	-19.22103976633801	0.6405798340247972	1.4271163556401454	-726.0218155146861
0.32863129389290496	0.7456270700053458	-19.20816556349106	0.671368706107095	1.4271163556401454	-726.9447515553292
0.3505862117460876	0.712208963017286	-19.30796999376268	0.6494137882539124	1.4271163556401454	-727.5922810306092
0.3257071925062432	0.7275435320089816	-19.276588698413207	0.6742928074937569	1.4271163556401454	-727.1963012664678
0.3370123281486974	0.7418401504773297	-19.22485294853513	0.6629876718513026	1.4271163556401454	-724.9143582697841
0.3154260645622799	0.7362957630829879	-19.24971722001083	0.68457393543772	1.4271163556401454	-725.3804638312454
0.32309867436421674	0.7391538426733428	-19.241001014327775	0.6769013256357832	1.4271163556401454	-725.740865326846
0.3121144079127585	0.7243665435062276	-19.286531430676725	0.6878855920872415	1.4271163556401454	-726.5761853516664
0.3594201659752028	0.740656372956194	-19.22103976633801	0.6405798340247972	1.4271163556401454	-726.0218155146861
0.32863129389290496	0.7456270700053458	-19.20816556349106	0.671368706107095	1.4271163556401454	-726.9447515553292
0.35482252251107027	0.7258508798570725	-19.266282721144968	0.6451774774889297	1.4271163556401454	-725.7756820620315
0.3245415807599897	0.7327315789195998	-19.26068640433918	0.6754584192400104	1.4271163556401454	-726.3553556583909
0.34499243925315526	0.7474406714728041	-19.205084183289678	0.6550075607468447	1.4271163556401454	-725.6801851641853
0.3154260645622799	0.7362957630829879	-19.24971722001083	0.68457393543772	1.4271163556401454	-725.3804638312454
0.32422522920292035	0.7395734891137368	-19.239721230272433	0.6757747707970796	1.4271163556401454	-725.8425922236402
0.3121144079127585	0.7243665435062276	-19.286531430676725	0.6878855920872415	1.4271163556401454	-726.5761853516664
0.3594201659752028	0.740656372956194	-19.22103976633801	0.6405798340247972	1.4271163556401454	-726.0218155146861
0.32863129389290496	0.7456270700053458	-19.20816556349106	0.671368706107095	1.4271163556401454	-726.9447515553292
0.3516936723789017	0.7282133782362551	-19.25933994350526	0.6483063276210983	1.4271163556401454	-725.3484573492866
0.3262789279579043	0.738209700385685	-19.2383750752278	0.6737210720420956	1.4271163556401454	-724.6877986484209
0.35379429825129655	0.7484163405988895	-19.20342648308257	0.6462057017487035	1.4271163556401454	-726.9270284776477
0.30479298128535603	0.7329367575281431	-19.262545886159444	0.695207018714644	1.4271163556401454	-726.1414841834483
0.319398973548907	0.738130161225801	-19.245645249339436	0.680601026451093	1.4271163556401454	-726.0297286984147
0.3121144079127585	0.7243665435062276	-19.286531430676725	0.6878855920872415	1.4271163556401454	-726.5761853516664
0.35838725059489096	0.7405911734258439	-19.221674814428567	0.641612749405109	1.4271163556401454	-725.9402491581208
0.32863129389290496	0.7456270700053458	-19.20816556349106	0.671368706107095	1.4271163556401454	-726.9447515553292
0.36742544664532084	0.7297423994656612	-19.248532002935377	0.6325745533546792	1.4271163556401454	-726.4959120056537
0.298981818784961	0.743827012493422	-19.231636843821114	0.701018181215039	1.4271163556401454	-726.5740034550685
0.3527542753465135	0.7481053139624706	-19.204703065998963	0.6472457246534865	1.4271163556401454	-726.8249610230679
0.3137843350947951	0.7351433577571984	-19.252430980995637	0.6862156649052049	1.4271163556401454	-725.2606331597178
0.3177314583674401	0.7381207633493926	-19.246549056650892	0.6822685416325599	1.4271163556401454	-726.2428841167222
0.31645546818980896	0.7305731130782591	-19.265042914488294	0.683544531810191	1.4271163556401454	-725.3048373887025
0.3391495386883984	0.7382414725783095	-19.234940276229246	0.6608504613116015	1.4271163556401454	-724.8201108374096
0.3248200095552742	0.7425321978662197	-19.22363791868789	0.6751799904447258	1.4271163556401454	-724.9913416129367
0.33988896495240917	0.7270660411364237	-19.26744993632296	0.6601110350475908	1.4271163556401454	-725.0882345820206
0.2978977650062565	0.7444629549597387	-19.230113997130246	0.7021022349937436	1.4271163556401454	-726.7204631511125
0.348230464085803	0.7448254153617936	-19.214757463637792	0.6517695359141971	1.4271163556401454	-725.9385907257432
0.294309859550132	0.7327647385162512	-19.265859704363656	0.705690140449868	1.4271163556401454	-727.1933239571993
0.3181356400141002	0.7405115511222773	-19.240690956765125	0.6818643599858998	1.4271163556401454	-726.8611785500575
0.31645546818980896	0.7305731130782591	-19.265042914488294	0.683544531810191	1.4271163556401454	-725.3048373887025
0.3391495386883984	0.7382414725783095	-19.234940276229246	0.6608504613116015	1.4271163556401454	-724.8201108374096
0.3248200095552742	0.7425321978662197	-19.22363791868789	0.6751799904447258	1.4271163556401454	-724.9913416129367
0.35172744625369723	0.7252942865397323	-19.26866595129803	0.6482725537463028	1.4271163556401454	-725.6188990137755
0.30767195981896234	0.7437619882950274	-19.22776283906827	0.6923280401810377	1.4271163556401454	-725.718709749056
0.348230464085803	0.7448254153617936	-19.214757463637792	0.6517695359141971	1.4271163556401454	-725.9385907257432
0.30035259344277	0.7321667233734028	-19.265636832012603	0.69964740655723	1.4271163556401454	-726.5118195089464
0.3168329893825018	0.7411016586972694	-19.23960611946768	0.6831670106174982	1.4271163556401454	-727.0464648994424
0.31645546818980896	0.7305731130782591	-19.265042914488294	0.683544531810191	1.4271163556401454	-725.3048373887025
0.3380994539790864	0.7393223870322555	-19.23212463972396	0.6619005460209135	1.4271163556401454	-724.8348923629482
0.3290267632100323	0.7443143638908403	-19.2164169239857	0.6709732367899677	1.4271163556401454	-725.2055786609501
0.3487377291241175	0.7257417294956597	-19.26835885609652	0.6512622708758825	1.4271163556401454	-725.4457932616691
0.30767195981896234	0.7437619882950274	-19.22776283906827	0.6923280401810377	1.4271163556401454	-725.718709749056
0.348230464085803	0.7448254153617936	-19.214757463637792	0.6517695359141971	1.4271163556401454	-725.9385907257432
0.30224265273497897	0.731979674911944	-19.26556712151971	0.697757347265021	1.4271163556401454	-726.324789762721
0.3215241358493871	0.7407091710815188	-19.23795578792774	0.6784758641506129	1.4271163556401454	-726.2296238389187
0.3171885810524514	0.7304633949437093	-19.265118217746938	0.6828114189475486	1.4271163556401454	-725.2714961566062
0.3394809883018678	0.7392068001248218	-19.231638620009484	0.6605190116981322	1.4271163556401454	-724.8240189806094
0.3253983822907336	0.7426434123698556	-19.22307518650587	0.6746016177092664	1.4271163556401454	-724.997263907503
0.3487377291241175	0.7257417294956597	-19.26835885609652	0.6512622708758825	1.4271163556401454	-725.4457932616691
0.31945492747749094	0.7440709327928933	-19.22398454593704	0.6805450725225091	1.4271163556401454	-725.1689369015328
0.35379210697155483	0.7449712393187493	-19.212974082937567	0.6462078930284452	1.4271163556401454	-726.4084244641183
0.2984181710199976	0.7292930576362738	-19.27480656269508	0.7015818289800024	1.4271163556401454	-726.9565012611407
0.32331440273908807	0.7416029728020925	-19.23107954801174	0.6766855972609119	1.4271163556401454	-725.066385853296
0.3166746999491495	0.7273779634819064	-19.27444504281613	0.6833253000508506	1.4271163556401454	-725.5513865837738
0.3411488347370634	0.7387997915443433	-19.232652813833464	0.6588511652629365	1.4271163556401454	-724.8922495725793
0.3247071881105083	0.7428120861495225	-19.222654881102468	0.6752928118894916	1.4271163556401454	-725.0412534542031
0.3487377291241175	0.7257417294956597	-19.26835885609652	0.6512622708758825	1.4271163556401454	-725.4457932616691
0.32103847689152715	0.7535788387111931	-19.195243484477036	0.6789615231084729	1.4271163556401454	-726.2182568157457
0.35331515651101597	0.7431566690901485	-19.21820040235063	0.646684843488984	1.4271163556401454	-726.1570522334072
0.3072200888809352	0.7286718578529562	-19.27367872719711	0.6927799111190648	1.4271163556401454	-726.1012941621301
0.3178712129538276	0.7438891381028269	-19.22868773971482	0.6821287870461724	1.4271163556401454	-726.0244235821538
0.3166746999491495	0.7273779634819064	-19.27444504281613	0.6833253000508506	1.4271163556401454	-725.5513865837738
0.3344252434509235	0.7363920084488418	-19.24063978883833	0.6655747565490765	1.4271163556401454	-724.6081378668976
0.33088611517730887	0.7384228179799562	-19.23440665681119	0.6691138848226912	1.4271163556401454	-724.6609504054846
0.38026514483025864	0.7241328288270608	-19.262374339233585	0.6197348551697414	1.4271163556401454	-728.2594613759258
0.3257763915909425	0.7500969581124989	-19.204056963223383	0.6742236084090575	1.4271163556401454	-725.6356907707888
0.3529064506430191	0.7430103075642742	-19.218685905322644	0.6470935493569809	1.4271163556401454	-726.0994609625621
0.30363104153744636	0.7275454522285787	-19.27799887512851	0.6963689584625536	1.4271163556401454	-726.5156615949588
0.3300541550444833	0.7398801069678335	-19.2351181037658	0.6699458449555167	1.4271163556401454	-725.1697139324092
0.3166746999491495	0.7273779634819064	-19.27444504281613	0.6833253000508506	1.4271163556401454	-725.5513865837738
0.3360536087091554	0.7354576259029456	-19.243507674616485	0.6639463912908445	1.4271163556401454	-724.6585156021338
0.33088611517730887	0.7384228179799562	-19.23440665681119	0.6691138848226912	1.4271163556401454	-724.6609504054846
0.36071615346694924	0.729790187355471	-19.25130202805271	0.6392838465330508	1.4271163556401454	-725.8709962692957
0.3257763915909425	0.7500969581124989	-19.204056963223383	0.6742236084090575	1.4271163556401454	-725.6356907707888
0.36824578874213415	0.7478244866640334	-19.200221894286926	0.6317542112578658	1.4271163556401454	-728.1117716443755
0.30924044038748194	0.7332577300144908	-19.259269450007295	0.690759559612518	1.4271163556401454	-725.6000945441647
0.34652619853864525	0.7451210782700658	-19.21600464745642	0.6534738014613548	1.4271163556401454	-726.3332479672432
0.32050488800159405	0.7369386061868382	-19.244824221533555	0.679495111998406	1.4271163556401454	-724.9045553253289
0.32658644292021727	0.7376175890253982	-19.240560846567135	0.6734135570797828	1.4271163556401454	-724.7197255684163
0.3336130283898165	0.7388126867960709	-19.231670198548333	0.6663869716101836	1.4271163556401454	-724.7561675750655
0.36096867333036237	0.7297731769374262	-19.251262942973877	0.6390313266696377	1.4271163556401454	-725.8920595542604
0.33773445040975786	0.7431910981142248	-19.22009718154841	0.6622655495902421	1.4271163556401454	-724.9866521082195
0.37034836203721727	0.748353605246134	-19.198298002509404	0.6296516379627828	1.4271163556401454	-728.5020751413681
0.30924044038748194	0.7332577300144908	-19.259269450007295	0.690759559612518	1.4271163556401454	-725.6000945441647
0.34652619853864525	0.7451210782700658	-19.21600464745642	0.6534738014613548	1.4271163556401454	-726.3332479672432
0.31972726440477023	0.7375405306690259	-19.24262696878221	0.6802727355952298	1.4271163556401454	-724.8633674448428
0.3288103284944255	0.7379958325838757	-19.237746992816987	0.6711896715055745	1.4271163556401454	-724.6318790941791
0.3276298589151537	0.7391855889598037	-19.23254538823238	0.6723701410848463	1.4271163556401454	-724.7683229356008
0.36096867333036237	0.7297731769374262	-19.251262942973877	0.6390313266696377	1.4271163556401454	-725.8920595542604
0.3167238986688826	0.739865304985004	-19.23414066042759	0.6832761013311174	1.4271163556401454	-725.0838318373769
0.3709382647176062	0.7484993326251964	-19.19770941727634	0.6290617352823937	1.4271163556401454	-728.5991149468719
0.30924044038748194	0.7332577300144908	-19.259269450007295	0.690759559612518	1.4271163556401454	-725.6000945441647
0.33712997891098984	0.7423364086637801	-19.224859779076137	0.6628700210890102	1.4271163556401454	-725.1645582018543
0.31972726440477023	0.7375405306690259	-19.24262696878221	0.6802727355952298	1.4271163556401454	-724.8633674448428
0.3317635177383085	0.7377598381602737	-19.23795478987105	0.6682364822616915	1.4271163556401454	-724.6412506776028
0.3238273442234723	0.7383940314135907	-19.237396372058736	0.6761726557765277	1.4271163556401454	-724.7126373608261
0.3609229898644202	0.7297848578684907	-19.25124374250035	0.6390770101355798	1.4271163556401454	-725.8879395272074
0.3167238986688826	0.739865304985004	-19.23414066042759	0.6832761013311174	1.4271163556401454	-725.0838318373769
0.3709382647176062	0.7484993326251964	-19.19770941727634	0.6290617352823937	1.4271163556401454	-728.5991149468719
0.3087875129284101	0.733072755229468	-19.259988241199128	0.6912124870715899	1.4271163556401454	-725.6467618836119
0.33074142082235536	0.7412299093661063	-19.22876264185954	0.6692585791776446	1.4271163556401454	-724.8229875054205
0.32608737375418984	0.7363431509278185	-19.243957291830903	0.6739126262458102	1.4271163556401454	-724.6711581111537
0.3317635177383085	0.7377598381602737	-19.23795478987105	0.6682364822616915	1.4271163556401454	-724.6412506776028
0.31735448025845436	0.7389112890880328	-19.23694091798783	0.6826455197415456	1.4271163556401454	-725.0026975684909
0.3683623283110071	0.72838429812108	-19.252799804331804	0.6316376716889929	1.4271163556401454	-726.6213457938037
0.3284722757755091	0.7464734374938853	-19.20902297164534	0.6715277242244909	1.4271163556401454	-725.7362197795513
0.3709382647176062	0.7484993326251964	-19.19770941727634	0.6290617352823937	1.4271163556401454	-728.5991149468719
0.298905042054413	0.7298426980669169	-19.272236857956475	0.701094957945587	1.4271163556401454	-726.7385682486054
0.3313992061729027	0.7413438378955652	-19.228360791249667	0.6686007938270973	1.4271163556401454	-724.8456727755679
0.32486906707757257	0.7367014262083533	-19.24297845301845	0.6751309329224274	1.4271163556401454	-724.676619928249
0.3602496273226337	0.7446234712290576	-19.208234520505744	0.6397503726773663	1.4271163556401454	-726.4196851183087
0.31980982804604696	0.7381892291713519	-19.238913647645067	0.680190171953953	1.4271163556401454	-724.8401877104467
0.3737202575184535	0.7176593447393756	-19.282232373853592	0.6262797424815465	1.4271163556401454	-728.2120866319749
0.3284722757755091	0.7464734374938853	-19.20902297164534	0.6715277242244909	1.4271163556401454	-725.7362197795513
0.3644003697809274	0.7473161513739434	-19.202777708482007	0.6355996302190726	1.4271163556401454	-727.594979709136
0.3069970518055947	0.7317924408198443	-19.263794262143247	0.6930029481944053	1.4271163556401454	-725.7885986139272
0.337239743958542	0.7429336222007283	-19.223042614911893	0.662760256041458	1.4271163556401454	-725.1991783289799
0.3103306763866929	0.7334461418153422	-19.25725524404461	0.6896693236133071	1.4271163556401454	-725.3999881828727
0.3602496273226337	0.7446234712290576	-19.208234520505744	0.6397503726773663	1.4271163556401454	-726.4196851183087
0.3167580625122694	0.7373585438600495	-19.241692471761244	0.6832419374877305	1.4271163556401454	-724.9984270635769
0.39137138803634275	0.7132634359690035	-19.289187374507474	0.6086286119636573	1.4271163556401454	-731.2743892100568
0.3284722757755091	0.7464734374938853	-19.20902297164534	0.6715277242244909	1.4271163556401454	-725.7362197795513
0.3383354128534035	0.7406299436476789	-19.22903927071436	0.6616645871465965	1.4271163556401454	-725.0164993306621
0.3069970518055947	0.7317924408198443	-19.263794262143247	0.6930029481944053	1.4271163556401454	-725.7885986139272
0.337239743958542	0.7429336222007283	-19.223042614911893	0.662760256041458	1.4271163556401454	-725.1991783289799
0.3113260687043322	0.7341609227869709	-19.254608838268606	0.6886739312956678	1.4271163556401454	-725.2952854549857
0.34904469097352453	0.755914194855756	-19.179088625300384	0.6509553090264755	1.4271163556401454	-727.3438195831014
0.3167580625122694	0.7373585438600495	-19.241692471761244	0.6832419374877305	1.4271163556401454	-724.9984270635769
0.37429736942442154	0.7304681767491359	-19.244775024299255	0.6257026305755784	1.4271163556401454	-727.2154852136013
0.33095714079971417	0.74547018740726	-19.212996401657016	0.6690428592002858	1.4271163556401454	-725.2291848060011
0.33596308189002305	0.7372441596586646	-19.240104392137788	0.664036918109977	1.4271163556401454	-724.9384043057481
0.3025159176407761	0.7292371260837065	-19.273940863859064	0.6974840823592239	1.4271163556401454	-726.568102713898
0.3351095963050117	0.7419566718919697	-19.226164221669887	0.6648904036949883	1.4271163556401454	-725.0228486615417
0.3113260687043322	0.7341609227869709	-19.254608838268606	0.6886739312956678	1.4271163556401454	-725.2952854549857
0.34317991578336626	0.7494653611282828	-19.200925255948103	0.6568200842166337	1.4271163556401454	-725.9141788583082
0.32497707810505716	0.7373095917857891	-19.241012834270073	0.6750229218949428	1.4271163556401454	-724.6737539157618
0.3645874416005651	0.7363960811112922	-19.231092089612698	0.6354125583994349	1.4271163556401454	-726.2288103938502
0.33095714079971417	0.74547018740726	-19.212996401657016	0.6690428592002858	1.4271163556401454	-725.2291848060011
0.33292178434726033	0.7368635518044998	-19.241894882569575	0.6670782156527397	1.4271163556401454	-724.8472889083108
0.3104164608368979	0.7337464258938915	-19.25701141066709	0.6895835391631021	1.4271163556401454	-725.4396637723352
0.3348936441114851	0.7414539456631972	-19.227716946854915	0.6651063558885149	1.4271163556401454	-724.9933942467655
0.3113260687043322	0.7341609227869709	-19.254608838268606	0.6886739312956678	1.4271163556401454	-725.2952854549857
0.3420879268533389	0.7484095935468975	-19.204455942732878	0.6579120731466611	1.4271163556401454	-725.7359859984176
0.32497707810505716	0.7373095917857891	-19.241012834270073	0.6750229218949428	1.4271163556401454	-724.6737539157618
0.3645874416005651	0.7363960811112922	-19.231092089612698	0.6354125583994349	1.4271163556401454	-726.2288103938502
0.3314949000697533	0.7431143920849921	-19.22090645028654	0.6685050999302466	1.4271163556401454	-724.8949294729556
0.33254668772588364	0.735990345069201	-19.2445918774985	0.6674533122741164	1.4271163556401454	-724.8445023997411
0.3104164608368979	0.7337464258938915	-19.25701141066709	0.6895835391631021	1.4271163556401454	-725.4396637723352
0.33618540447133	0.7444611011061565	-19.218429016915422	0.6638145955286701	1.4271163556401454	-725.2093437726674
0.3113260687043322	0.7341609227869709	-19.254608838268606	0.6886739312956678	1.4271163556401454	-725.2952854549857
0.34997571407327055	0.7441979458326845	-19.21379393340989	0.6500242859267295	1.4271163556401454	-725.630818928947
0.32497707810505716	0.7373095917857891	-19.241012834270073	0.6750229218949428	1.4271163556401454	-724.6737539157618
0.3645874416005651	0.7363960811112922	-19.231092089612698	0.6354125583994349	1.4271163556401454	-726.2288103938502
0.32746020644531293	0.7413232865499791	-19.22764847749952	0.6725397935546871	1.4271163556401454	-724.7735321879442
0.33344666152595537	0.7380854404100515	-19.238120945379595	0.6665533384740446	1.4271163556401454	-724.8645923293988
0.2974659641850729	0.7305772767360583	-19.271240856180818	0.7025340358149271	1.4271163556401454	-726.9461237840761
0.33988768851013446	0.7457925414601088	-19.214517006934088	0.6601123114898655	1.4271163556401454	-725.6456954554129
0.2986646389675472	0.7285787780924449	-19.275484990765445	0.7013353610324529	1.4271163556401454	-726.8247554620289
0.3505194371142303	0.743702127463936	-19.215377971269685	0.6494805628857697	1.4271163556401454	-725.6455889602647
0.32497707810505716	0.7373095917857891	-19.241012834270073	0.6750229218949428	1.4271163556401454	-724.6737539157618
0.34850057515063765	0.7350015002336514	-19.240714461925997	0.6514994248493624	1.4271163556401454	-725.0370572404178
0.32806547550466253	0.7415409574909902	-19.227008921329126	0.6719345244953374	1.4271163556401454	-724.7762936843878
0.35235250633826715	0.7420305606477482	-19.220718283950518	0.6476474936617329	1.4271163556401454	-725.7723558890431
0.2875263051574796	0.7281449173537634	-19.282162123554624	0.7124736948425203	1.4271163556401454	-728.6425643536405
0.33988768851013446	0.7457925414601088	-19.214517006934088	0.6601123114898655	1.4271163556401454	-725.6456954554129
0.3104923776630181	0.7301031054156182	-19.267232778387907	0.6895076223369818	1.4271163556401454	-725.580844634562
0.3521578116826898	0.7507629798851573	-19.19481655464294	0.6478421883173102	1.4271163556401454	-726.6821019975412
0.32497707810505716	0.7373095917857891	-19.241012834270073	0.6750229218949428	1.4271163556401454	-724.6737539157618
0.34852381240745517	0.7351016451237279	-19.24042283696557	0.6514761875925448	1.4271163556401454	-725.0396927046497
0.32806547550466253	0.7415409574909902	-19.227008921329126	0.6719345244953374	1.4271163556401454	-724.7762936843878
0.3560032186155792	0.7421041554921585	-19.219772704918338	0.6439967813844207	1.4271163556401454	-726.1197688342697
0.3004431190428126	0.732413237493794	-19.264588906287823	0.6995568809571874	1.4271163556401454	-726.4430057800753
0.34011968552553373	0.7455053459460711	-19.215212929702243	0.6598803144744663	1.4271163556401454	-725.6107108407024
0.3123566848189908	0.7306893209148032	-19.26492366876515	0.6876433151810092	1.4271163556401454	-725.4119763746525
0.3524114117985938	0.7508887279226688	-19.194375787297847	0.6475885882014062	1.4271163556401454	-726.7207415523601
0.322464964211795	0.7338677832358703	-19.25240366896754	0.6775350357882051	1.4271163556401454	-724.7859294687776
0.34152822159825513	0.7347704104959458	-19.243639134079327	0.6584717784017449	1.4271163556401454	-724.7622573858456
0.3135893407831349	0.7359827574496707	-19.246412637781805	0.6864106592168651	1.4271163556401454	-725.1948829891058
0.3518631052456535	0.7420206947929425	-19.220845044806033	0.6481368947543464	1.4271163556401454	-725.7295674868781
0.30151674980836496	0.7324841509457147	-19.26399483955217	0.698483250191635	1.4271163556401454	-726.3209430678625
0.33367904201992354	0.7474164924735398	-19.212124012978613	0.6663209579800764	1.4271163556401454	-725.7500890417266
0.3123566848189908	0.7306893209148032	-19.26492366876515	0.6876433151810092	1.4271163556401454	-725.4119763746525
0.34690128332152526	0.7477568842622981	-19.205052882880732	0.6530987166784747	1.4271163556401454	-725.9074093447558
0.29828187144554197	0.7271611477287933	-19.278363988526316	0.701718128554458	1.4271163556401454	-726.9750901733845
0.349697710965636	0.735237215945762	-19.239482933070295	0.6503022890343639	1.4271163556401454	-725.0912055035459
0.3147164838449117	0.7408230863303853	-19.229486114286097	0.6852835161550883	1.4271163556401454	-725.7365421021116
0.3518631052456535	0.7420206947929425	-19.220845044806033	0.6481368947543464	1.4271163556401454	-725.7295674868781
0.30264622857511536	0.7325486894768347	-19.26342022092193	0.6973537714248846	1.4271163556401454	-726.2005790543266
0.33809164425634886	0.7475300899744532	-19.209764194868185	0.6619083557436511	1.4271163556401454	-725.7139526555877
0.2971427323908264	0.7207334218215532	-19.29753275889695	0.7028572676091736	1.4271163556401454	-728.032069038045
0.34690128332152526	0.7477568842622981	-19.205052882880732	0.6530987166784747	1.4271163556401454	-725.9074093447558
0.29828187144554197	0.7271611477287933	-19.278363988526316	0.701718128554458	1.4271163556401454	-726.9750901733845
0.35083936504426366	0.7301260054244599	-19.253539154874943	0.6491606349557364	1.4271163556401454	-725.1955108263851
0.33034476184906375	0.7441899962837404	-19.2176218386295	0.6696552381509362	1.4271163556401454	-725.0183150037188
0.3518631052456535	0.7420206947929425	-19.220845044806033	0.6481368947543464	1.4271163556401454	-725.7295674868781
0.30258350842411014	0.7325606991985261	-19.263410510103675	0.6974164915758898	1.4271163556401454	-726.2068892554428
0.3405506077629222	0.7475933932350277	-19.208449164347694	0.6594493922370779	1.4271163556401454	-725.7324159491874
0.3237227137138542	0.7310735435802047	-19.260282318121444	0.6762772862861458	1.4271163556401454	-724.8573533274391
0.3455563855540497	0.747722261376032	-19.20577212153818	0.6544436144459502	1.4271163556401454	-725.8550638139214
0.29828187144554197	0.7271611477287933	-19.278363988526316	0.701718128554458	1.4271163556401454	-726.9750901733845
0.33547015147940157	0.7309014414274556	-19.25668312489871	0.6645298485205984	1.4271163556401454	-724.7145822310257
0.33034476184906375	0.7441899962837404	-19.2176218386295	0.6696552381509362	1.4271163556401454	-725.0183150037188
0.3518631052456535	0.7420206947929425	-19.220845044806033	0.6481368947543464	1.4271163556401454	-725.7295674868781
0.2995446443074907	0.7327140215942552	-19.264032148787308	0.7004553556925093	1.4271163556401454	-726.5289572672773
0.32730028767657643	0.7427853989749192	-19.226409779661118	0.6726997123234235	1.4271163556401454	-725.0787876856251
0.311669324877019	0.7223300005837618	-19.28906292333704	0.688330675122981	1.4271163556401454	-726.2929518057455
0.3460538213680815	0.7472725563703868	-19.206960982344146	0.6539461786319185	1.4271163556401454	-725.8311209274352
0.29828187144554197	0.7271611477287933	-19.278363988526316	0.701718128554458	1.4271163556401454	-726.9750901733845
0.32701862186888053	0.7178283803670937	-19.29638846005357	0.6729813781311195	1.4271163556401454	-726.2427882177485
0.32331847988582185	0.7448983279455561	-19.21656938050089	0.6766815201141781	1.4271163556401454	-725.3153627723602
0.3544838777274955	0.7396513951355875	-19.227108634192113	0.6455161222725045	1.4271163556401454	-725.789022455027
0.2995446443074907	0.7327140215942552	-19.264032148787308	0.7004553556925093	1.4271163556401454	-726.5289572672773
0.32746583343644836	0.7574535926167641	-19.185280634752942	0.6725341665635516	1.4271163556401454	-727.2416069394903
0.3081209101232048	0.7253689930872143	-19.281737405010816	0.6918790898767953	1.4271163556401454	-726.2012020850832
0.3624040335340809	0.738317197495061	-19.226031270330804	0.6375959664659191	1.4271163556401454	-726.1024992895087
0.29828187144554197	0.7271611477287933	-19.278363988526316	0.701718128554458	1.4271163556401454	-726.9750901733845
0.32701862186888053	0.7178283803670937	-19.29638846005357	0.6729813781311195	1.4271163556401454	-726.2427882177485
0.3215043420878305	0.7394063967837233	-19.230255721831618	0.6784956579121695	1.4271163556401454	-725.7962905582601
0.3468651711434318	0.7409340625909663	-19.224532203693894	0.6531348288565682	1.4271163556401454	-725.2211176570993
0.2995446443074907	0.7327140215942552	-19.264032148787308	0.7004553556925093	1.4271163556401454	-726.5289572672773
0.3295413771724204	0.7563167731780711	-19.187701472866358	0.6704586228275796	1.4271163556401454	-726.9967201061651
0.31713774891530017	0.7278145455627982	-19.271733572039206	0.6828622510846998	1.4271163556401454	-725.3312292558459
0.3624040335340809	0.738317197495061	-19.226031270330804	0.6375959664659191	1.4271163556401454	-726.1024992895087
0.31646286156126	0.7302026677445761	-19.264245846131125	0.68353713843874	1.4271163556401454	-725.1530799981261
0.32701862186888053	0.7178283803670937	-19.29638846005357	0.6729813781311195	1.4271163556401454	-726.2427882177485
0.3215043420878305	0.7394063967837233	-19.230255721831618	0.6784956579121695	1.4271163556401454	-725.7962905582601
0.3412024049317579	0.734341376135251	-19.245034769403528	0.6587975950682421	1.4271163556401454	-724.7564648277009
0.3007387672854859	0.732067035325455	-19.265438476454275	0.6992612327145141	1.4271163556401454	-726.4214753700368
0.3312494038260297	0.7530979690857194	-19.196099257405233	0.6687505961739704	1.4271163556401454	-726.3899746679919
0.3139974746743495	0.7286288634493003	-19.270528111422447	0.6860025253256505	1.4271163556401454	-725.4599925337765
0.3624040335340809	0.738317197495061	-19.226031270330804	0.6375959664659191	1.4271163556401454	-726.1024992895087
0.3126786878855426	0.7232942786384757	-19.289759092275915	0.6873213121144575	1.4271163556401454	-726.7503240030621
0.33167402593331863	0.7160538976492539	-19.29854065864337	0.6683259740666814	1.4271163556401454	-726.6529871986909
0.32060650581781924	0.7377673064992025	-19.236309016346482	0.6793934941821808	1.4271163556401454	-725.4356653018971
0.3412024049317579	0.734341376135251	-19.245034769403528	0.6587975950682421	1.4271163556401454	-724.7564648277009
0.29997564391931864	0.7322649240953509	-19.265145535426498	0.7000243560806814	1.4271163556401454	-726.4976115015717
0.3312494038260297	0.7530979690857194	-19.196099257405233	0.6687505961739704	1.4271163556401454	-726.3899746679919
0.3139974746743495	0.7286288634493003	-19.270528111422447	0.6860025253256505	1.4271163556401454	-725.4599925337765
0.3624040335340809	0.738317197495061	-19.226031270330804	0.6375959664659191	1.4271163556401454	-726.1024992895087
0.3126786878855426	0.7232942786384757	-19.289759092275915	0.6873213121144575	1.4271163556401454	-726.7503240030621
0.32461568397167406	0.7187442990954394	-19.295277579132783	0.6753843160283259	1.4271163556401454	-726.1431788549719
0.32060650581781924	0.7377673064992025	-19.236309016346482	0.6793934941821808	1.4271163556401454	-725.4356653018971
0.35432594381084465	0.7394240591973882	-19.224457458630685	0.6456740561891554	1.4271163556401454	-725.5186057514319
0.30471686513216256	0.7327245734184508	-19.26217494168636	0.6952831348678374	1.4271163556401454	-725.98604346402
0.3312494038260297	0.7530979690857194	-19.196099257405233	0.6687505961739704	1.4271163556401454	-726.3899746679919
0.3138152988442836	0.7284994130619987	-19.271028220220085	0.6861847011557164	1.4271163556401454	-725.4877187233462
0.3624040335340809	0.738317197495061	-19.226031270330804	0.6375959664659191	1.4271163556401454	-726.1024992895087
0.3138219008678581	0.7219402123959243	-19.29371981333652	0.6861780991321419	1.4271163556401454	-726.9691579855037
0.32600879727086873	0.7194658777137187	-19.29272473004492	0.6739912027291313	1.4271163556401454	-725.9744521620702
0.32732240163048515	0.7380972817055114	-19.233948543231435	0.6726775983695148	1.4271163556401454	-725.0821912330064
0.3712588134249819	0.7293905561936046	-19.245265852096864	0.6287411865750181	1.4271163556401454	-727.4097851842018
0.30383352187527446	0.7320462854532379	-19.264374788102394	0.6961664781247255	1.4271163556401454	-726.0945170220309
0.3289256336131514	0.7544749096718295	-19.193243632457044	0.6710743663868486	1.4271163556401454	-726.6769235803134
0.30989784810789484	0.7339183265913938	-19.25534925999224	0.6901021518921051	1.4271163556401454	-725.390758215991
0.35577164728395494	0.7450034092086264	-19.21162422947785	0.6442283527160451	1.4271163556401454	-726.4084158417705
0.3193716628792931	0.7208134309604566	-19.293266664703157	0.6806283371207069	1.4271163556401454	-726.2801288711518
0.32601557718166013	0.7194645011722386	-19.292724176452296	0.6739844228183398	1.4271163556401454	-725.9744305162334
0.3395503475347549	0.7356741123064969	-19.237098264270003	0.6604496524652451	1.4271163556401454	-725.1185268610801
0.3712588134249819	0.7293905561936046	-19.245265852096864	0.6287411865750181	1.4271163556401454	-727.4097851842018
0.30383352187527446	0.7320462854532379	-19.264374788102394	0.6961664781247255	1.4271163556401454	-726.0945170220309
0.3256414340176866	0.7509268393081892	-19.203963076228934	0.6743585659823135	1.4271163556401454	-726.021328646345
0.30288435452462814	0.7263413301254258	-19.27824091073544	0.6971156454753719	1.4271163556401454	-726.617137872083
0.35865672530546194	0.7469207170241646	-19.20515321584025	0.641343274694538	1.4271163556401454	-726.8645533680791
0.3193716628792931	0.7208134309604566	-19.293266664703157	0.6806283371207069	1.4271163556401454	-726.2801288711518
0.32601557718166013	0.7194645011722386	-19.292724176452296	0.6739844228183398	1.4271163556401454	-725.9744305162334
0.3398141744787701	0.7358294090031716	-19.23665715687619	0.6601858255212298	1.4271163556401454	-725.1034730811548
0.36950339630930884	0.7291003796801674	-19.24688978879659	0.6304966036906912	1.4271163556401454	-727.1684435814861
0.30383352187527446	0.7320462854532379	-19.264374788102394	0.6961664781247255	1.4271163556401454	-726.0945170220309
0.32581164864154966	0.7507455191585877	-19.20435573216271	0.6741883513584503	1.4271163556401454	-725.9803673831509
0.30288435452462814	0.7263413301254258	-19.27824091073544	0.6971156454753719	1.4271163556401454	-726.617137872083
0.35865672530546194	0.7469207170241646	-19.20515321584025	0.641343274694538	1.4271163556401454	-726.8645533680791
0.3213709722550879	0.7201430983390712	-19.29508874082012	0.6786290277449121	1.4271163556401454	-726.3894932756069
0.32601557718166013	0.7194645011722386	-19.292724176452296	0.6739844228183398	1.4271163556401454	-725.9744305162334
0.3398141744787701	0.7358294090031716	-19.23665715687619	0.6601858255212298	1.4271163556401454	-725.1034730811548
0.3698403464220692	0.7290240103094208	-19.247005921395118	0.6301596535779308	1.4271163556401454	-727.2075234285138
0.30383352187527446	0.7320462854532379	-19.264374788102394	0.6961664781247255	1.4271163556401454	-726.0945170220309
0.32581164864154966	0.7507455191585877	-19.20435573216271	0.6741883513584503	1.4271163556401454	-725.9803673831509
0.3038429856698716	0.7273617128867884	-19.27515163936349	0.6961570143301283	1.4271163556401454	-726.3907209170081
0.34607984541790343	0.736341630540232	-19.238894965642633	0.6539201545820965	1.4271163556401454	-725.096157236603
0.3222982699520773	0.7265334659044159	-19.27614196275148	0.6777017300479227	1.4271163556401454	-725.5789482327569
0.325938039901428	0.7313581039815359	-19.259124912588362	0.674061960098572	1.4271163556401454	-724.8275743663374
0.34909522753691047	0.7368052492909886	-19.229507514292127	0.6509047724630895	1.4271163556401454	-725.9032402448727
0.3488582138990023	0.7299847257812548	-19.25252710599277	0.6511417861009977	1.4271163556401454	-725.2067837253558
0.3171929943585085	0.7334045940510924	-19.256317353549885	0.6828070056414914	1.4271163556401454	-725.1062999099008
0.32581164864154966	0.7507455191585877	-19.20435573216271	0.6741883513584503	1.4271163556401454	-725.9803673831509
0.32393162212802074	0.7315539420864086	-19.254889035850873	0.6760683778719793	1.4271163556401454	-725.0282259828728
0.34607984541790343	0.736341630540232	-19.238894965642633	0.6539201545820965	1.4271163556401454	-725.096157236603
0.3197778154404131	0.7233573405354605	-19.287364652964555	0.6802221845595868	1.4271163556401454	-726.3399736554303
0.3261730694532907	0.7314162554721174	-19.258888854536814	0.6738269305467093	1.4271163556401454	-724.821060388546
0.34185029149587587	0.7352933282363227	-19.236815191285515	0.6581497085041241	1.4271163556401454	-725.3621218721563
0.3488582138990023	0.7299847257812548	-19.25252710599277	0.6511417861009977	1.4271163556401454	-725.2067837253558
0.3171929943585085	0.7334045940510924	-19.256317353549885	0.6828070056414914	1.4271163556401454	-725.1062999099008
0.32581164864154966	0.7507455191585877	-19.20435573216271	0.6741883513584503	1.4271163556401454	-725.9803673831509
0.32393162212802074	0.7315539420864086	-19.254889035850873	0.6760683778719793	1.4271163556401454	-725.0282259828728
0.3474438373787121	0.7366791027801637	-19.237492172100165	0.6525561626212879	1.4271163556401454	-725.1676427335043
0.3197778154404131	0.7233573405354605	-19.287364652964555	0.6802221845595868	1.4271163556401454	-726.3399736554303
0.32491062158821127	0.7311040444043254	-19.260666391971085	0.6750893784117887	1.4271163556401454	-724.9267516050613
0.34185029149587587	0.7352933282363227	-19.236815191285515	0.6581497085041241	1.4271163556401454	-725.3621218721563
0.3380858450800599	0.730662884149279	-19.253547846404846	0.6619141549199401	1.4271163556401454	-724.8891699643979
0.3204550906605739	0.7336544686730714	-19.253737268188118	0.6795449093394261	1.4271163556401454	-724.8657590088109
0.32934499573430276	0.7449643732904697	-19.218516562544934	0.6706550042656972	1.4271163556401454	-725.103749972512
0.32336499394165846	0.7318143351897896	-19.251545200687033	0.6766350060583415	1.4271163556401454	-725.8382245278374
0.3474438373787121	0.7366791027801637	-19.237492172100165	0.6525561626212879	1.4271163556401454	-725.1676427335043
0.32747860701916887	0.7264302254852257	-19.273140501906187	0.6725213929808311	1.4271163556401454	-725.1389079582088
0.30936850687118683	0.72725869016652	-19.2766506343917	0.6906314931288131	1.4271163556401454	-725.980914869407
0.34059966078861775	0.734522056888133	-19.239976236811287	0.6594003392113823	1.4271163556401454	-725.1762685655833
0.3333810400938918	0.7310308895414802	-19.25290779798169	0.6666189599061082	1.4271163556401454	-725.0327952941254
0.316235115814817	0.7379950472345539	-19.242079125167436	0.683764884185183	1.4271163556401454	-724.9942036133278
0.3287674059999828	0.7438962224890786	-19.221662922827086	0.6712325940000172	1.4271163556401454	-725.0023300374246
0.322731495266184	0.7316863463254968	-19.251914926708945	0.6772685047338161	1.4271163556401454	-725.9451388177208
0.3474438373787121	0.7366791027801637	-19.237492172100165	0.6525561626212879	1.4271163556401454	-725.1676427335043
0.32747860701916887	0.7264302254852257	-19.273140501906187	0.6725213929808311	1.4271163556401454	-725.1389079582088
0.32073652937114744	0.7290445262118539	-19.26541029185813	0.6792634706288525	1.4271163556401454	-725.0349994311185
0.3404775024177715	0.7345028647056375	-19.24005823699104	0.6595224975822285	1.4271163556401454	-725.1763152544197
0.3333810400938918	0.7310308895414802	-19.25290779798169	0.6666189599061082	1.4271163556401454	-725.0327952941254
0.31305317721299664	0.7384534142499536	-19.242344377190832	0.6869468227870034	1.4271163556401454	-725.2150548253604
0.33010790339388024	0.7406135498479868	-19.23085837410687	0.6698920966061197	1.4271163556401454	-724.8027934254723
0.3232291595829681	0.7317868919038385	-19.251624477091266	0.6767708404170318	1.4271163556401454	-725.8607517117366
0.3474438373787121	0.7366791027801637	-19.237492172100165	0.6525561626212879	1.4271163556401454	-725.1676427335043
0.3402447257626178	0.7157900256778174	-19.30039424687163	0.6597552742373822	1.4271163556401454	-726.5737862449319
0.32836398470927375	0.7312249178778276	-19.257437035567456	0.6716360152907263	1.4271163556401454	-724.6977752008308
0.3404775024177715	0.7345028647056375	-19.24005823699104	0.6595224975822285	1.4271163556401454	-725.1763152544197
0.3333810400938918	0.7310308895414802	-19.25290779798169	0.6666189599061082	1.4271163556401454	-725.0327952941254
0.31649517092944557	0.736828389632651	-19.2457373292157	0.6835048290705544	1.4271163556401454	-724.9967625693108
0.33010790339388024	0.7406135498479868	-19.23085837410687	0.6698920966061197	1.4271163556401454	-724.8027934254723
0.3346094270214392	0.7340861035063057	-19.24498266208644	0.6653905729785607	1.4271163556401454	-724.7143752449294
0.3542257449340205	0.7380492850383865	-19.23353407747667	0.6457742550659795	1.4271163556401454	-726.1260964389863
0.33878991717185586	0.7193623849508853	-19.289103361915572	0.6612100828281442	1.4271163556401454	-725.8588814067323
0.327319886989008	0.7317178544250947	-19.256407814201594	0.6726801130109921	1.4271163556401454	-724.6956572574376
0.3404775024177715	0.7345028647056375	-19.24005823699104	0.6595224975822285	1.4271163556401454	-725.1763152544197
0.3340485449681246	0.7310050746260921	-19.252305195870832	0.6659514550318755	1.4271163556401454	-725.1498986067809
0.3151060976964938	0.7374841950712244	-19.244368047564805	0.6848939023035062	1.4271163556401454	-725.0777773330702
0.3273424538399452	0.7476360890572061	-19.215118824357134	0.6726575461600548	1.4271163556401454	-726.2406971974315
0.3365766543614162	0.7271575136409612	-19.26574468850914	0.6634233456385839	1.4271163556401454	-724.9352057066434
0.355301662221841	0.7379348910187307	-19.233653442864647	0.644698337778159	1.4271163556401454	-726.2367332048246
0.33878991717185586	0.7193623849508853	-19.289103361915572	0.6612100828281442	1.4271163556401454	-725.8588814067323
0.3258884166160375	0.7313998079960383	-19.257571865022292	0.6741115833839625	1.4271163556401454	-724.7318399559816
0.3554125064187307	0.7345250578754081	-19.233539352608602	0.6445874935812693	1.4271163556401454	-726.4782689462425
0.33391936244009096	0.7309347905452679	-19.252551284466254	0.6660806375599091	1.4271163556401454	-725.1524357937129
0.3005293289314561	0.7344435023783056	-19.257494959755235	0.6994706710685439	1.4271163556401454	-726.2307496954816
0.32769043844278994	0.7515218051336917	-19.20495883377882	0.6723095615572101	1.4271163556401454	-727.171013916154
0.33840266620827336	0.7282084941754714	-19.262615237500945	0.6615973337917267	1.4271163556401454	-724.8651657068688
0.3486802926997705	0.7301493590877264	-19.25693751372334	0.6513197073002295	1.4271163556401454	-725.4269649282157
0.33902706852276876	0.7187989149210505	-19.29088311289327	0.6609729314772312	1.4271163556401454	-725.9571179905881
0.3258884166160375	0.7313998079960383	-19.257571865022292	0.6741115833839625	1.4271163556401454	-724.7318399559816
0.36401407572339955	0.737719230175684	-19.21883620220262	0.6359859242766004	1.4271163556401454	-728.6433120315182
0.3324109119075867	0.7345188589609977	-19.241230807902678	0.6675890880924134	1.4271163556401454	-725.4787040061416
0.3005293289314561	0.7344435023783056	-19.257494959755235	0.6994706710685439	1.4271163556401454	-726.2307496954816
0.3275292347035959	0.7497217485913757	-19.209665445674897	0.6724707652964041	1.4271163556401454	-726.7157962440704
0.3505517939769966	0.7251102916767602	-19.2675114620949	0.6494482060230033	1.4271163556401454	-725.5026887272035
0.340953829000417	0.7305732622391157	-19.257152559306512	0.659046170999583	1.4271163556401454	-724.9512787043816
0.3425174140913571	0.7173805195273598	-19.293910204706602	0.6574825859086428	1.4271163556401454	-726.2434303172261
0.3252971126843597	0.7247971043860897	-19.27483596902475	0.6747028873156403	1.4271163556401454	-725.4148774098647
0.3641924403720139	0.7378862886971981	-19.218191293279272	0.6358075596279861	1.4271163556401454	-728.7316711897716
0.3387179876120698	0.7312477640988315	-19.250367853991147	0.6612820123879302	1.4271163556401454	-725.1294173801929
0.30750119717988816	0.733776015970454	-19.25743590718037	0.6924988028201118	1.4271163556401454	-725.6208904011341
0.3256497435739865	0.7514074205590711	-19.20560400046561	0.6743502564260135	1.4271163556401454	-727.0206975420662
0.3370238056281738	0.7278333623424629	-19.264345373825925	0.6629761943718262	1.4271163556401454	-724.8727945594807
0.34656946175234293	0.7326450109100985	-19.250810007472854	0.6534305382476571	1.4271163556401454	-725.3851689376489
0.3217158277566605	0.7260231569425554	-19.275561984911853	0.6782841722433395	1.4271163556401454	-725.2897576849165
0.32387538068893934	0.7243378748345131	-19.276694182805574	0.6761246193110606	1.4271163556401454	-725.5041503814203
0.3641924403720139	0.7378862886971981	-19.218191293279272	0.6358075596279861	1.4271163556401454	-728.7316711897716
0.34123165909064296	0.7299440762656746	-19.254009404089345	0.658768340909357	1.4271163556401454	-725.0990978475661
0.29887808452093223	0.7355117762714818	-19.25541775524768	0.7011219154790678	1.4271163556401454	-726.4160347069147
0.3260190576095039	0.7485647929545459	-19.212977877859597	0.6739809423904961	1.4271163556401454	-726.3928298469192
0.33388136934367074	0.726670599441772	-19.26968374503063	0.6661186306563293	1.4271163556401454	-724.982107917461
0.34678890859712685	0.7327483413165881	-19.250483576830412	0.6532110914028731	1.4271163556401454	-725.4044600727631
0.32876370100753766	0.7274391428641052	-19.267778567681667	0.6712362989924623	1.4271163556401454	-724.9269260082878
0.3242377431481806	0.7298660490552185	-19.262176062798837	0.6757622568518193	1.4271163556401454	-724.8532436852546
0.36317294521631416	0.7375090555452237	-19.21992321179401	0.6368270547836858	1.4271163556401454	-728.4264647511827
0.34086207500253435	0.7297794807206616	-19.254797534517248	0.6591379249974656	1.4271163556401454	-725.0613810327159
0.29887808452093223	0.7355117762714818	-19.25541775524768	0.7011219154790678	1.4271163556401454	-726.4160347069147
0.3278028518895835	0.7460926229642305	-19.218851114078365	0.6721971481104165	1.4271163556401454	-725.885789234675
0.3289923208813637	0.72436850498489	-19.27695628172194	0.6710076791186363	1.4271163556401454	-725.2181630853968
0.34678890859712685	0.7327483413165881	-19.250483576830412	0.6532110914028731	1.4271163556401454	-725.4044600727631
0.3153593673070874	0.729031618389998	-19.268517103637826	0.6846406326929126	1.4271163556401454	-725.3167177059252
0.34243413183013943	0.7258150541924935	-19.267025370624335	0.6575658681698606	1.4271163556401454	-725.2095712628609
0.36317294521631416	0.7375090555452237	-19.21992321179401	0.6368270547836858	1.4271163556401454	-728.4264647511827
0.3399281546186229	0.7295988209699892	-19.255799590783777	0.6600718453813771	1.4271163556401454	-725.0176154788347
0.29887808452093223	0.7355117762714818	-19.25541775524768	0.7011219154790678	1.4271163556401454	-726.4160347069147
0.3278028518895835	0.7460926229642305	-19.218851114078365	0.6721971481104165	1.4271163556401454	-725.885789234675
0.3289923208813637	0.72436850498489	-19.27695628172194	0.6710076791186363	1.4271163556401454	-725.2181630853968
0.35481702053555075	0.7311484227769306	-19.254233078020455	0.6451829794644492	1.4271163556401454	-726.3793865481689
0.3153593673070874	0.729031618389998	-19.268517103637826	0.6846406326929126	1.4271163556401454	-725.3167177059252
0.33585984854540485	0.7349263884006216	-19.245379198119167	0.6641401514545952	1.4271163556401454	-724.6800522299793
0.36317294521631416	0.7375090555452237	-19.21992321179401	0.6368270547836858	1.4271163556401454	-728.4264647511827
0.3399281546186229	0.7295988209699892	-19.255799590783777	0.6600718453813771	1.4271163556401454	-725.0176154788347
0.3176998332000335	0.7360964620165906	-19.245027043313026	0.6823001667999665	1.4271163556401454	-724.9540035746388
0.32671328057288745	0.7466953722876851	-19.217424041731817	0.6732867194271126	1.4271163556401454	-725.9385904161074
0.32744888061219	0.7248964343855114	-19.276000849194222	0.67255111938781	1.4271163556401454	-725.1898984763517
0.3708685790425881	0.7222687231351971	-19.27525669980032	0.6291314209574119	1.4271163556401454	-728.2552839121641
0.3153593673070874	0.729031618389998	-19.268517103637826	0.6846406326929126	1.4271163556401454	-725.3167177059252
0.33585984854540485	0.7349263884006216	-19.245379198119167	0.6641401514545952	1.4271163556401454	-724.6800522299793
0.36317294521631416	0.7375090555452237	-19.21992321179401	0.6368270547836858	1.4271163556401454	-728.4264647511827
0.35307876263203264	0.7257547191682113	-19.262172791279934	0.6469212373679674	1.4271163556401454	-725.9376040813559
0.3103932194179218	0.7358694866703435	-19.249060723728277	0.6896067805820782	1.4271163556401454	-725.3159739907691
0.32671328057288745	0.7466953722876851	-19.217424041731817	0.6732867194271126	1.4271163556401454	-725.9385904161074
0.32744888061219	0.7248964343855114	-19.276000849194222	0.67255111938781	1.4271163556401454	-725.1898984763517
0.3708685790425881	0.7222687231351971	-19.27525669980032	0.6291314209574119	1.4271163556401454	-728.2552839121641
0.28536840680812775	0.7326855294815803	-19.264875780766022	0.7146315931918723	1.4271163556401454	-728.4447628423386
0.34544469876464273	0.7376824450498225	-19.234561239447608	0.6545553012353573	1.4271163556401454	-725.0138912199361
0.36143444235176303	0.7374550500508319	-19.22088296759413	0.638565557648237	1.4271163556401454	-728.1151987832467
0.34839155260735133	0.7255977554711335	-19.264701675791674	0.6516084473926487	1.4271163556401454	-725.5921782368431
0.3103932194179218	0.7358694866703435	-19.249060723728277	0.6896067805820782	1.4271163556401454	-725.3159739907691
0.32671328057288745	0.7466953722876851	-19.217424041731817	0.6732867194271126	1.4271163556401454	-725.9385904161074
0.3415052124744591	0.7220116215361022	-19.280757750494846	0.6584947875255409	1.4271163556401454	-725.5352791307234
0.3708685790425881	0.7222687231351971	-19.27525669980032	0.6291314209574119	1.4271163556401454	-728.2552839121641
0.2945004851453701	0.7316585082708925	-19.264850552887527	0.7054995148546299	1.4271163556401454	-727.1815410901869
0.3419715446655136	0.7397881122754921	-19.229001836107333	0.6580284553344864	1.4271163556401454	-724.9133419210395
0.36143444235176303	0.7374550500508319	-19.22088296759413	0.638565557648237	1.4271163556401454	-728.1151987832467
0.3454834000454081	0.7260284767653599	-19.263336031621588	0.6545165999545919	1.4271163556401454	-725.6679330186312
0.3103932194179218	0.7358694866703435	-19.249060723728277	0.6896067805820782	1.4271163556401454	-725.3159739907691
0.33395598902694423	0.7500762531051225	-19.206760689211954	0.6660440109730558	1.4271163556401454	-726.8737967300187
0.3415052124744591	0.7220116215361022	-19.280757750494846	0.6584947875255409	1.4271163556401454	-725.5352791307234
0.3379090436527029	0.726321239568302	-19.270765534053716	0.6620909563472971	1.4271163556401454	-725.1927262986651
0.2945004851453701	0.7316585082708925	-19.264850552887527	0.7054995148546299	1.4271163556401454	-727.1815410901869
0.3336249674808854	0.7448483870351408	-19.215641648866658	0.6663750325191147	1.4271163556401454	-725.0446765959222
0.33019103088344604	0.7347493421040344	-19.241406143212657	0.669808969116554	1.4271163556401454	-725.4317745411353
0.34090763016966585	0.7267061858885858	-19.261187288279775	0.6590923698303341	1.4271163556401454	-725.9883023421482
0.3061532713522799	0.7330569241225529	-19.257279926301145	0.6938467286477201	1.4271163556401454	-725.8124535684689
0.3254734938230963	0.7461166424842324	-19.21924936484766	0.6745265061769037	1.4271163556401454	-725.81974501831
0.3415052124744591	0.7220116215361022	-19.280757750494846	0.6584947875255409	1.4271163556401454	-725.5352791307234
0.3370853862169153	0.7262155017824194	-19.273396504782383	0.6629146137830847	1.4271163556401454	-725.6876268630327
0.2945004851453701	0.7316585082708925	-19.264850552887527	0.7054995148546299	1.4271163556401454	-727.1815410901869
0.3319682717782649	0.7537689897946266	-19.18799117390974	0.6680317282217352	1.4271163556401454	-726.5639086614613
0.33056155222225353	0.7344712537917264	-19.242090066923684	0.6694384477777464	1.4271163556401454	-725.4346651776858
0.34272586791592063	0.7269396038426327	-19.25537937581483	0.6572741320840794	1.4271163556401454	-728.456746064906
0.313408525409337	0.7374982005867491	-19.244096686297784	0.6865914745906629	1.4271163556401454	-725.1246763842804
0.31334081767007393	0.7404531352023733	-19.237112157979496	0.6866591823299261	1.4271163556401454	-725.3273062941339
0.3415052124744591	0.7220116215361022	-19.280757750494846	0.6584947875255409	1.4271163556401454	-725.5352791307234
0.33354382036920355	0.7283390828520386	-19.267984597499666	0.6664561796307964	1.4271163556401454	-725.4161695342548
0.2917866262303519	0.7303916847330933	-19.268846134717663	0.7082133737696481	1.4271163556401454	-727.7342110912947
0.3319682717782649	0.7537689897946266	-19.18799117390974	0.6680317282217352	1.4271163556401454	-726.5639086614613
0.33056155222225353	0.7344712537917264	-19.242090066923684	0.6694384477777464	1.4271163556401454	-725.4346651776858
0.34272586791592063	0.7269396038426327	-19.25537937581483	0.6572741320840794	1.4271163556401454	-728.456746064906
0.30733742557020893	0.7321758441396907	-19.262449424555214	0.6926625744297911	1.4271163556401454	-725.7280689426332
0.31976702464062334	0.738220895462447	-19.23896974849394	0.6802329753593767	1.4271163556401454	-724.836522918655
0.3415052124744591	0.7220116215361022	-19.280757750494846	0.6584947875255409	1.4271163556401454	-725.5352791307234
0.3343355239179127	0.7282184155942779	-19.266897737658287	0.6656644760820873	1.4271163556401454	-725.1276622709332
0.2875526324326586	0.7279283867947526	-19.277365930208997	0.7124473675673414	1.4271163556401454	-728.6150352237205
0.3376053316478708	0.7570485784332942	-19.176648078110304	0.6623946683521291	1.4271163556401454	-727.3984704693248
0.32718463622081856	0.7356442764054304	-19.241113919227057	0.6728153637791814	1.4271163556401454	-725.0528647894033
0.34272586791592063	0.7269396038426327	-19.25537937581483	0.6572741320840794	1.4271163556401454	-728.456746064906
0.30733742557020893	0.7321758441396907	-19.262449424555214	0.6926625744297911	1.4271163556401454	-725.7280689426332
0.31976702464062334	0.738220895462447	-19.23896974849394	0.6802329753593767	1.4271163556401454	-724.836522918655
0.3415052124744591	0.7220116215361022	-19.280757750494846	0.6584947875255409	1.4271163556401454	-725.5352791307234
0.3343355239179127	0.7282184155942779	-19.266897737658287	0.6656644760820873	1.4271163556401454	-725.1276622709332
0.2875526324326586	0.7279283867947526	-19.277365930208997	0.7124473675673414	1.4271163556401454	-728.6150352237205
0.3433187980794574	0.7630789340379368	-19.156686947743356	0.6566812019205426	1.4271163556401454	-729.4416507363017
0.32718463622081856	0.7356442764054304	-19.241113919227057	0.6728153637791814	1.4271163556401454	-725.0528647894033
0.34272586791592063	0.7269396038426327	-19.25537937581483	0.6572741320840794	1.4271163556401454	-728.456746064906
0.29696521768173817	0.7303632317207145	-19.273599419411667	0.7030347823182619	1.4271163556401454	-727.3695035826805
0.317793556418156	0.7389064093607485	-19.23839928821038	0.682206443581844	1.4271163556401454	-724.92095515422
0.3415052124744591	0.7220116215361022	-19.280757750494846	0.6584947875255409	1.4271163556401454	-725.5352791307234
0.3283712080124584	0.7333817194436838	-19.255367879093452	0.6716287919875417	1.4271163556401454	-725.3696226327132
0.28361809977329777	0.7279039948055518	-19.2782463256734	0.7163819002267022	1.4271163556401454	-729.3689512672254
0.3433187980794574	0.7630789340379368	-19.156686947743356	0.6566812019205426	1.4271163556401454	-729.4416507363017
0.32718463622081856	0.7356442764054304	-19.241113919227057	0.6728153637791814	1.4271163556401454	-725.0528647894033
0.34222322946476147	0.7249103715877643	-19.26582961960093	0.6577767705352385	1.4271163556401454	-726.2639108577227
0.2899690434970173	0.7316750711101521	-19.272475015797276	0.7100309565029828	1.4271163556401454	-728.3314193163689
0.3109369659615123	0.7424875952055976	-19.227399996233867	0.6890630340384877	1.4271163556401454	-725.6679501910168
0.3437044339690877	0.7217877611059673	-19.280853163432056	0.6562955660309123	1.4271163556401454	-725.6209430888249
0.32850107831521125	0.733302295908674	-19.255465963651847	0.6714989216847888	1.4271163556401454	-725.339979869406
0.28361809977329777	0.7279039948055518	-19.2782463256734	0.7163819002267022	1.4271163556401454	-729.3689512672254
0.3306929061962924	0.7556468140376987	-19.184089653529945	0.6693070938037076	1.4271163556401454	-726.7028559430463
0.32699576740109076	0.7356107208839376	-19.241274894928846	0.6730042325989092	1.4271163556401454	-725.0548053799183
0.33940791580856855	0.7266321059488647	-19.26370335369673	0.6605920841914315	1.4271163556401454	-725.4039192964781
0.2899690434970173	0.7316750711101521	-19.272475015797276	0.7100309565029828	1.4271163556401454	-728.3314193163689
0.3109369659615123	0.7424875952055976	-19.227399996233867	0.6890630340384877	1.4271163556401454	-725.6679501910168
0.3437044339690877	0.7217877611059673	-19.280853163432056	0.6562955660309123	1.4271163556401454	-725.6209430888249
0.32977461242649864	0.7334073651599007	-19.254741510814153	0.6702253875735014	1.4271163556401454	-725.3206591181302
0.28361809977329777	0.7279039948055518	-19.2782463256734	0.7163819002267022	1.4271163556401454	-729.3689512672254
0.3306929061962924	0.7556468140376987	-19.184089653529945	0.6693070938037076	1.4271163556401454	-726.7028559430463
0.3274365212480349	0.734934815874092	-19.24543002864457	0.6725634787519651	1.4271163556401454	-724.6613798026154
0.33896501748610697	0.7269029650265304	-19.263368854696946	0.661034982513893	1.4271163556401454	-725.300820454852
0.2869031878068436	0.729870382173827	-19.279129020301625	0.7130968121931565	1.4271163556401454	-729.0609201114676
0.3186220093482443	0.7389697163388597	-19.23579789417319	0.6813779906517556	1.4271163556401454	-725.0175806176791
0.3437810914386837	0.7217050254800889	-19.28113596256357	0.6562189085613164	1.4271163556401454	-725.6374692749149
0.32959501734102065	0.7290578902385058	-19.268559230987712	0.6704049826589793	1.4271163556401454	-725.8838990985273
0.29044628839182873	0.7272004438247401	-19.278574284526158	0.7095537116081713	1.4271163556401454	-728.2493321319371
0.33072539984414245	0.7564337526449125	-19.181589651192937	0.6692746001558576	1.4271163556401454	-726.8992930382246
0.34120799111792316	0.7366554909380474	-19.233980571892534	0.6587920088820769	1.4271163556401454	-725.116496548214
0.33896501748610697	0.7269029650265304	-19.263368854696946	0.661034982513893	1.4271163556401454	-725.300820454852
0.28672080023576657	0.7298475937751672	-19.2792806554304	0.7132791997642334	1.4271163556401454	-729.100373047632
0.3186220093482443	0.7389697163388597	-19.23579789417319	0.6813779906517556	1.4271163556401454	-725.0175806176791
0.34402354884086217	0.7216704265337066	-19.28114384603101	0.6559764511591378	1.4271163556401454	-725.6471655663777
0.32962613578246297	0.7299995801522471	-19.263553944976046	0.670373864217537	1.4271163556401454	-725.1218551031249
0.29044628839182873	0.7272004438247401	-19.278574284526158	0.7095537116081713	1.4271163556401454	-728.2493321319371
0.33072539984414245	0.7564337526449125	-19.181589651192937	0.6692746001558576	1.4271163556401454	-726.8992930382246
0.34120799111792316	0.7366554909380474	-19.233980571892534	0.6587920088820769	1.4271163556401454	-725.116496548214
0.3297053095648998	0.73239549552904	-19.250819135411234	0.6702946904351001	1.4271163556401454	-724.8495795193271
0.28672080023576657	0.7298475937751672	-19.2792806554304	0.7132791997642334	1.4271163556401454	-729.100373047632
0.3129078036322368	0.7307246633416495	-19.261390479325048	0.6870921963677632	1.4271163556401454	-725.4894429048742
0.34402354884086217	0.7216704265337066	-19.28114384603101	0.6559764511591378	1.4271163556401454	-725.6471655663777
0.3478559124905906	0.7300641566829172	-19.2568719224191	0.6521440875094093	1.4271163556401454	-725.2768553462394
0.3010391044439103	0.7348883756524417	-19.25306874719588	0.6989608955560898	1.4271163556401454	-726.3057412350116
0.33072539984414245	0.7564337526449125	-19.181589651192937	0.6692746001558576	1.4271163556401454	-726.8992930382246
0.34953506740012796	0.7382065204413165	-19.226665308084094	0.650464932599872	1.4271163556401454	-725.5724002449524
0.3297053095648998	0.73239549552904	-19.250819135411234	0.6702946904351001	1.4271163556401454	-724.8495795193271
0.28672080023576657	0.7298475937751672	-19.2792806554304	0.7132791997642334	1.4271163556401454	-729.100373047632
0.3141286022610157	0.7303694284017288	-19.262165485124417	0.6858713977389843	1.4271163556401454	-725.4150863739691
0.34450207823199475	0.7215311813252816	-19.28144763327696	0.6554979217680053	1.4271163556401454	-725.6810955174775
0.3507321585818952	0.7363637763797181	-19.238655481653584	0.6492678414181048	1.4271163556401454	-725.6026434640572
0.3010391044439103	0.7348883756524417	-19.25306874719588	0.6989608955560898	1.4271163556401454	-726.3057412350116
0.3320671822063679	0.7551335181452767	-19.184805110541287	0.6679328177936321	1.4271163556401454	-726.6729523733057
0.3501176244864442	0.7376420020492434	-19.22806135313721	0.6498823755135559	1.4271163556401454	-725.5972690204184
0.3241346701658423	0.7309636934016875	-19.257029866485006	0.6758653298341577	1.4271163556401454	-724.9660156361913
0.2903222013393928	0.7311154727887749	-19.272687724181583	0.7096777986606072	1.4271163556401454	-727.9796764714363
0.3162593539715702	0.730495974731139	-19.26107187589602	0.6837406460284299	1.4271163556401454	-725.2899993351319
0.3333000804482789	0.724973818775242	-19.274133356519584	0.6666999195517211	1.4271163556401454	-725.1105426784259
0.3338029178655493	0.7358611424704442	-19.24356573814932	0.6661970821344507	1.4271163556401454	-724.6916095184245
0.31690555273758647	0.7353594549563376	-19.248466749262025	0.6830944472624135	1.4271163556401454	-724.9379304448124
0.33214336499240105	0.7542876386102103	-19.18738416011981	0.667856635007599	1.4271163556401454	-726.4841700440583
0.3501176244864442	0.7376420020492434	-19.22806135313721	0.6498823755135559	1.4271163556401454	-725.5972690204184
0.3198999839444336	0.7288186138861779	-19.26292714596287	0.6801000160555664	1.4271163556401454	-725.6295498793457
0.2903222013393928	0.7311154727887749	-19.272687724181583	0.7096777986606072	1.4271163556401454	-727.9796764714363
0.31501059776574075	0.7302324159071114	-19.26228936558247	0.6849894022342593	1.4271163556401454	-725.3700067794232
0.3335606533657133	0.7183703040415812	-19.293675319995657	0.6664393466342867	1.4271163556401454	-726.0169682818148
0.33012189979889395	0.735459380557756	-19.24603116570632	0.669878100201106	1.4271163556401454	-724.7042270913171
0.3158838483474877	0.7367677125671053	-19.245596570659966	0.6841161516525123	1.4271163556401454	-724.9939401888458
0.332258731294272	0.7513639922018502	-19.196036187658702	0.667741268705728	1.4271163556401454	-725.9422218682997
0.3501176244864442	0.7376420020492434	-19.22806135313721	0.6498823755135559	1.4271163556401454	-725.5972690204184
0.3225301838464512	0.7276067922061528	-19.264267499468833	0.6774698161535488	1.4271163556401454	-726.0768486439239
0.2985533340162498	0.732013881486882	-19.266544685774623	0.7014466659837502	1.4271163556401454	-726.7005756357124
0.31410906486664864	0.7303300050235776	-19.262522473054513	0.6858909351333513	1.4271163556401454	-725.3870403482046
0.3254624602074199	0.7257466409777606	-19.274791902753442	0.6745375397925801	1.4271163556401454	-725.1673184488815
0.32805653659661055	0.7355585737207408	-19.2462747053541	0.6719434634033894	1.4271163556401454	-724.7058789917916
0.3139463331749801	0.7362362442177287	-19.247938526016533	0.6860536668250199	1.4271163556401454	-725.1083572797958
0.3323255144846409	0.7518610649516055	-19.194473675994274	0.6676744855153591	1.4271163556401454	-726.037685198312
0.3657322590284628	0.7444318744307695	-19.205764925154664	0.6342677409715372	1.4271163556401454	-727.0087185927646
0.3192593787635348	0.7242235931961569	-19.27212441792282	0.6807406212364653	1.4271163556401454	-728.1166333169681
0.2985533340162498	0.732013881486882	-19.266544685774623	0.7014466659837502	1.4271163556401454	-726.7005756357124
0.31410906486664864	0.7303300050235776	-19.262522473054513	0.6858909351333513	1.4271163556401454	-725.3870403482046
0.32805832551018677	0.7263840059594212	-19.275908191710812	0.6719416744898132	1.4271163556401454	-725.7610540863882
0.32719605731833046	0.7344498615609519	-19.248803151749737	0.6728039426816695	1.4271163556401454	-724.6403208419282
0.3139463331749801	0.7362362442177287	-19.247938526016533	0.6860536668250199	1.4271163556401454	-725.1083572797958
0.3323255144846409	0.7518610649516055	-19.194473675994274	0.6676744855153591	1.4271163556401454	-726.037685198312
0.362109807690564	0.7428566866012731	-19.210937491003605	0.637890192309436	1.4271163556401454	-726.535191552085
0.3179846386198727	0.7257349745305747	-19.26974786674052	0.6820153613801273	1.4271163556401454	-727.0958904309426
0.2946010476030329	0.7313396170279322	-19.270002642890002	0.705398952396967	1.4271163556401454	-727.2566885708168
0.3204734215874915	0.7325162682358595	-19.255851595845318	0.6795265784125085	1.4271163556401454	-724.8489357770042
0.32961117784598887	0.7356552406767545	-19.24627374648179	0.6703888221540111	1.4271163556401454	-724.8074843946346
0.3256175564885632	0.7290918678964564	-19.265522098761142	0.6743824435114367	1.4271163556401454	-724.9253610094736
0.31397850526314	0.7350685795416032	-19.250821775278027	0.68602149473686	1.4271163556401454	-725.0986681035001
0.3325545469413628	0.7532284928874107	-19.19010284842883	0.6674454530586371	1.4271163556401454	-726.3296371155918
0.362109807690564	0.7428566866012731	-19.210937491003605	0.637890192309436	1.4271163556401454	-726.535191552085
0.3179846386198727	0.7257349745305747	-19.26974786674052	0.6820153613801273	1.4271163556401454	-727.0958904309426
0.30169816419545237	0.7322144633650394	-19.265192413872004	0.6983018358045476	1.4271163556401454	-726.3897760334448
0.30779245846247966	0.7294833233906429	-19.269154131874725	0.6922075415375204	1.4271163556401454	-725.7978301890181
0.3292377702145961	0.7355269688963519	-19.246665138191474	0.6707622297854039	1.4271163556401454	-724.7927718077124
0.32676438623525617	0.7289421531659827	-19.265537905702775	0.6732356137647438	1.4271163556401454	-724.9041638901159
0.31172214129336556	0.7359552642935431	-19.249074392350256	0.6882778587066345	1.4271163556401454	-725.2290312963432
0.34571589860865365	0.7476193595376681	-19.202374310494484	0.6542841013913463	1.4271163556401454	-725.8670545023047
0.359341357926674	0.7418124317844793	-19.215078500107754	0.640658642073326	1.4271163556401454	-726.1557423247928
0.3179846386198727	0.7257349745305747	-19.26974786674052	0.6820153613801273	1.4271163556401454	-727.0958904309426
0.2944466700025595	0.73316112131645	-19.26509246534364	0.7055533299974406	1.4271163556401454	-727.2321073356575
0.30955035282962406	0.7323784650464226	-19.260171712040137	0.6904496471703759	1.4271163556401454	-725.480770936661
0.3292377702145961	0.7355269688963519	-19.246665138191474	0.6707622297854039	1.4271163556401454	-724.7927718077124
0.32456629478879423	0.7230902404608169	-19.28231009683208	0.6754337052112058	1.4271163556401454	-725.48322480444
0.31172214129336556	0.7359552642935431	-19.249074392350256	0.6882778587066345	1.4271163556401454	-725.2290312963432
0.3478026302320764	0.7467300317363305	-19.204319950167775	0.6521973697679235	1.4271163556401454	-725.8615039343491
0.3600616868440219	0.7415054404468706	-19.215750124816786	0.6399383131559782	1.4271163556401454	-726.192096620651
0.30541140250810966	0.7208471190739917	-19.286368403046968	0.6945885974918904	1.4271163556401454	-729.7483754736868
0.3017497880964948	0.7327826817509205	-19.262713122312004	0.6982502119035052	1.4271163556401454	-726.2394407459503
0.3095726066801385	0.7323773118763093	-19.260164461774774	0.6904273933198615	1.4271163556401454	-725.479049832206
0.3310670342581115	0.7358817649196484	-19.244830467956312	0.6689329657418885	1.4271163556401454	-724.7483216651601
0.31925556763823065	0.7284095969591197	-19.268567987768797	0.6807444323617693	1.4271163556401454	-725.1407402934602
0.31172214129336556	0.7359552642935431	-19.249074392350256	0.6882778587066345	1.4271163556401454	-725.2290312963432
0.33538162105458075	0.7430207281978007	-19.219727040077963	0.6646183789454192	1.4271163556401454	-724.9438038632475
0.34963027741661706	0.7394822100688719	-19.22621236314432	0.6503697225833829	1.4271163556401454	-725.2083563524624
0.30541140250810966	0.7208471190739917	-19.286368403046968	0.6945885974918904	1.4271163556401454	-729.7483754736868
0.2998647032614568	0.7328803647784687	-19.263327279636123	0.7001352967385432	1.4271163556401454	-726.4694288587488
0.3095726066801385	0.7323773118763093	-19.260164461774774	0.6904273933198615	1.4271163556401454	-725.479049832206
0.3310670342581115	0.7358817649196484	-19.244830467956312	0.6689329657418885	1.4271163556401454	-724.7483216651601
0.32614535554314233	0.7255864197961729	-19.27454740997269	0.6738546444568576	1.4271163556401454	-725.1494237024394
0.31172214129336556	0.7359552642935431	-19.249074392350256	0.6882778587066345	1.4271163556401454	-725.2290312963432
0.358906805770164	0.7527223127424585	-19.18286791012291	0.641093194229836	1.4271163556401454	-727.7702311812426
0.34685201939970484	0.7355168881299197	-19.23919373607888	0.6531479806002951	1.4271163556401454	-724.9367545386613
0.30541140250810966	0.7208471190739917	-19.286368403046968	0.6945885974918904	1.4271163556401454	-729.7483754736868
0.2998647032614568	0.7328803647784687	-19.263327279636123	0.7001352967385432	1.4271163556401454	-726.4694288587488
0.3097344692168176	0.7323109866681322	-19.260304936991016	0.6902655307831824	1.4271163556401454	-725.4699912511882
0.33354397818945086	0.7357812760321925	-19.243637735930726	0.6664560218105491	1.4271163556401454	-724.662266847354
0.32639836161454805	0.72581979032368	-19.27379073665367	0.673601638385452	1.4271163556401454	-725.119678746319
0.31655523526902535	0.7382630068313683	-19.239327167122887	0.6834447647309747	1.4271163556401454	-725.0034755475142
0.358906805770164	0.7527223127424585	-19.18286791012291	0.641093194229836	1.4271163556401454	-727.7702311812426
0.3370440515444866	0.735639279084659	-19.241952332587665	0.6629559484555134	1.4271163556401454	-724.6325406821809
0.30541140250810966	0.7208471190739917	-19.286368403046968	0.6945885974918904	1.4271163556401454	-729.7483754736868
0.3066491431122265	0.7335329704677074	-19.25930544850158	0.6933508568877735	1.4271163556401454	-725.7971772506085
0.3097344692168176	0.7323109866681322	-19.260304936991016	0.6902655307831824	1.4271163556401454	-725.4699912511882
0.3375632658577862	0.7351941348856122	-19.24465755335536	0.6624367341422138	1.4271163556401454	-724.7799540222418
0.32639836161454805	0.72581979032368	-19.27379073665367	0.673601638385452	1.4271163556401454	-725.119678746319
0.31655523526902535	0.7382630068313683	-19.239327167122887	0.6834447647309747	1.4271163556401454	-725.0034755475142
0.358906805770164	0.7527223127424585	-19.18286791012291	0.641093194229836	1.4271163556401454	-727.7702311812426
0.3403068833213509	0.7386488858055706	-19.232194077632386	0.659693116678649	1.4271163556401454	-724.775290912489
0.30835814003428114	0.725452361373234	-19.27392939950582	0.6916418599657188	1.4271163556401454	-727.6660286278083
0.3242071601600089	0.7399803847158576	-19.23362325121832	0.675792839839991	1.4271163556401454	-724.7651203938406
0.31904288118563917	0.7361748874962666	-19.24564596818348	0.6809571188143608	1.4271163556401454	-724.8358945092414
0.34114373714265067	0.7355650826321454	-19.242644350682117	0.6588562628573493	1.4271163556401454	-724.8951355505332
0.32737967653449557	0.7194780628099534	-19.29177947642601	0.6726203234655044	1.4271163556401454	-725.9333236167207
0.31655523526902535	0.7382630068313683	-19.239327167122887	0.6834447647309747	1.4271163556401454	-725.0034755475142
0.358906805770164	0.7527223127424585	-19.18286791012291	0.641093194229836	1.4271163556401454	-727.7702311812426
0.3459420429369675	0.74384670641429	-19.215340826222736	0.6540579570630325	1.4271163556401454	-725.3364444099218
0.3023957725891001	0.7236132684380948	-19.279618878212304	0.6976042274108999	1.4271163556401454	-729.3569066293311
0.3242071601600089	0.7399803847158576	-19.23362325121832	0.675792839839991	1.4271163556401454	-724.7651203938406
0.3193940311064251	0.7362750377771657	-19.24525035555074	0.6806059688935748	1.4271163556401454	-724.8218300490919
0.34716969549147125	0.7353683829560073	-19.241922332795117	0.6528303045085287	1.4271163556401454	-725.2292633577916
0.32737967653449557	0.7194780628099534	-19.29177947642601	0.6726203234655044	1.4271163556401454	-725.9333236167207
0.31655523526902535	0.7382630068313683	-19.239327167122887	0.6834447647309747	1.4271163556401454	-725.0034755475142
0.362461248360311	0.7545532193992593	-19.17678244782897	0.637538751639689	1.4271163556401454	-728.4402212827885
0.3459420429369675	0.74384670641429	-19.215340826222736	0.6540579570630325	1.4271163556401454	-725.3364444099218
0.3023957725891001	0.7236132684380948	-19.279618878212304	0.6976042274108999	1.4271163556401454	-729.3569066293311
0.32506653623254855	0.7344266844988521	-19.24937669817123	0.6749334637674514	1.4271163556401454	-724.6724801723736
0.31923440981976836	0.7363270494584108	-19.24513424245721	0.6807655901802316	1.4271163556401454	-724.8281462086005
0.34716969549147125	0.7353683829560073	-19.241922332795117	0.6528303045085287	1.4271163556401454	-725.2292633577916
0.3263418932181834	0.718440469269215	-19.29518131937353	0.6736581067818166	1.4271163556401454	-726.1401281047289
0.3136134844775032	0.7442214214266651	-19.222538085758572	0.6863865155224969	1.4271163556401454	-725.4716965213995
0.362461248360311	0.7545532193992593	-19.17678244782897	0.637538751639689	1.4271163556401454	-728.4402212827885
0.3459420429369675	0.74384670641429	-19.215340826222736	0.6540579570630325	1.4271163556401454	-725.3364444099218
0.3123414400189593	0.7214648227248194	-19.286082508233374	0.6876585599810408	1.4271163556401454	-727.2135703475759
0.328126515367542	0.7334296078387201	-19.251602614594713	0.671873484632458	1.4271163556401454	-724.6515298202964
0.3150249076442947	0.7345521544023081	-19.25179045507649	0.6849750923557053	1.4271163556401454	-725.045916579552
0.3470029800289953	0.7365197409776095	-19.238312558885337	0.6529970199710047	1.4271163556401454	-725.180588899872
0.3263418932181834	0.718440469269215	-19.29518131937353	0.6736581067818166	1.4271163556401454	-726.1401281047289
0.3136134844775032	0.7442214214266651	-19.222538085758572	0.6863865155224969	1.4271163556401454	-725.4716965213995
0.362461248360311	0.7545532193992593	-19.17678244782897	0.637538751639689	1.4271163556401454	-728.4402212827885
0.34038126702891336	0.7366386802788953	-19.237992443540467	0.6596187329710866	1.4271163556401454	-724.7186856632654
0.3123414400189593	0.7214648227248194	-19.286082508233374	0.6876585599810408	1.4271163556401454	-727.2135703475759
0.328126515367542	0.7334296078387201	-19.251602614594713	0.671873484632458	1.4271163556401454	-724.6515298202964
0.3143724707287262	0.731370204960449	-19.2601279513738	0.6856275292712738	1.4271163556401454	-725.2374549711081
0.34623817456519057	0.7365423084821495	-19.238247891183075	0.6537618254348094	1.4271163556401454	-725.1050854557062
0.3263418932181834	0.718440469269215	-19.29518131937353	0.6736581067818166	1.4271163556401454	-726.1401281047289
0.3138796974812348	0.7397138813604734	-19.235722660603205	0.6861203025187652	1.4271163556401454	-725.1971019022227
0.362461248360311	0.7545532193992593	-19.17678244782897	0.637538751639689	1.4271163556401454	-728.4402212827885
0.3404389339115967	0.7367134296312161	-19.23775753960259	0.6595610660884033	1.4271163556401454	-724.7217509568391
0.3194892166484039	0.725343945770227	-19.273789024596805	0.6805107833515961	1.4271163556401454	-725.8310042679082
0.31643232153053613	0.7315152336931143	-19.25983596180021	0.6835676784694639	1.4271163556401454	-725.0783203089619
0.31030565338399446	0.7361599083741741	-19.24927005645326	0.6896943466160055	1.4271163556401454	-725.3366906873539
0.34623817456519057	0.7365423084821495	-19.238247891183075	0.6537618254348094	1.4271163556401454	-725.1050854557062
0.32964090289873416	0.7151170035293127	-19.305479979588846	0.6703590971012658	1.4271163556401454	-726.7433144925575
0.31565295004811994	0.739513553359905	-19.23585852122625	0.68434704995188	1.4271163556401454	-725.0872766397134
0.3398678521913601	0.7465853807994468	-19.208183513423794	0.6601321478086399	1.4271163556401454	-725.392358307246
0.3404389339115967	0.7367134296312161	-19.23775753960259	0.6595610660884033	1.4271163556401454	-724.7217509568391
0.3178831807724012	0.7269618874338774	-19.26877539342195	0.6821168192275988	1.4271163556401454	-725.9537025904292
0.31989049881955356	0.7288935626456982	-19.265799851639642	0.6801095011804464	1.4271163556401454	-725.0968572645312
0.31030565338399446	0.7361599083741741	-19.24927005645326	0.6896943466160055	1.4271163556401454	-725.3366906873539
0.34623817456519057	0.7365423084821495	-19.238247891183075	0.6537618254348094	1.4271163556401454	-725.1050854557062
0.3331065990606261	0.7220485127056424	-19.28374403531764	0.6668934009393739	1.4271163556401454	-725.5039287157279
0.3149032726675442	0.7390433808697286	-19.237738784325533	0.6850967273324557	1.4271163556401454	-725.0909462307275
0.3398678521913601	0.7465853807994468	-19.208183513423794	0.6601321478086399	1.4271163556401454	-725.392358307246
0.3339523840123974	0.7339090956474722	-19.246677607814178	0.6660476159876025	1.4271163556401454	-724.6202101051856
0.3178831807724012	0.7269618874338774	-19.26877539342195	0.6821168192275988	1.4271163556401454	-725.9537025904292
0.319997681230321	0.7289967060445813	-19.265640970120085	0.680002318769679	1.4271163556401454	-725.0752443185437
0.32017082128631846	0.7362648951980049	-19.24624395342839	0.6798291787136815	1.4271163556401454	-724.8440129587125
0.34459681955591837	0.7347306854752323	-19.24393459069997	0.6554031804440816	1.4271163556401454	-724.9982336305852
0.3331065990606261	0.7220485127056424	-19.28374403531764	0.6668934009393739	1.4271163556401454	-725.5039287157279
0.3116329650298065	0.7407683773664288	-19.23245843069421	0.6883670349701936	1.4271163556401454	-725.4875564042022
0.33072262755661086	0.7384270029141404	-19.23347340097477	0.6692773724433891	1.4271163556401454	-724.7632315740635
0.33044870919339414	0.7264010540619511	-19.26947728911	0.6695512908066059	1.4271163556401454	-725.0345074407977
0.3180420008790212	0.7271147226378112	-19.26853996692151	0.6819579991209788	1.4271163556401454	-725.8544969552195
0.3203779532068765	0.7289022604346975	-19.265780558743344	0.6796220467931235	1.4271163556401454	-725.0667866242859
0.31960140246908425	0.7365652478172966	-19.245324549796564	0.6803985975309157	1.4271163556401454	-724.8478495063517
0.3470268360805946	0.7361613459281188	-19.23954749039959	0.6529731639194054	1.4271163556401454	-725.2119203401743
0.33817204862718137	0.7166036612308272	-19.29815418958388	0.6618279513728187	1.4271163556401454	-726.3606253478608
0.3119868718063982	0.7399688568590611	-19.23456820471798	0.6880131281936017	1.4271163556401454	-725.4527557795709
0.33072262755661086	0.7384270029141404	-19.23347340097477	0.6692773724433891	1.4271163556401454	-724.7632315740635
0.3262095266972463	0.7303732725444019	-19.260038276059685	0.6737904733027538	1.4271163556401454	-724.7755989339126
0.31761285495255437	0.7272590440016342	-19.26810684790039	0.6823871450474457	1.4271163556401454	-725.9051723204526
0.3212053539879497	0.7293939603437564	-19.265084462876757	0.6787946460120503	1.4271163556401454	-724.9871959114024
0.3119932424449985	0.7447432586302529	-19.22368091122336	0.6880067575550015	1.4271163556401454	-725.5091974020496
0.35981694384669816	0.7343840135927518	-19.24431241095431	0.6401830561533018	1.4271163556401454	-727.1708582667916
0.3330280368556818	0.720098393263855	-19.28892090679131	0.6669719631443183	1.4271163556401454	-725.7463530290047
0.3087702974752017	0.742138979837945	-19.228807931525655	0.6912297025247983	1.4271163556401454	-725.8533416292826
0.330286835358423	0.7384875612440235	-19.23331104775299	0.669713164641577	1.4271163556401454	-724.7838865509113
0.32553742205036257	0.7290357110315587	-19.26444399950032	0.6744625779496374	1.4271163556401454	-724.8702296097206
0.31761285495255437	0.7272590440016342	-19.26810684790039	0.6823871450474457	1.4271163556401454	-725.9051723204526
0.3202133319181076	0.7288044308525067	-19.265919055347755	0.6797866680818925	1.4271163556401454	-725.0919991752475
0.3031080192565859	0.7550476897751071	-19.196939598885308	0.6968919807434141	1.4271163556401454	-727.3591634134192
0.35981694384669816	0.7343840135927518	-19.24431241095431	0.6401830561533018	1.4271163556401454	-727.1708582667916
0.3338928666966327	0.7142967397789097	-19.30646542717608	0.6661071333033672	1.4271163556401454	-726.8389557151951
0.3087702974752017	0.742138979837945	-19.228807931525655	0.6912297025247983	1.4271163556401454	-725.8533416292826
0.33771530790661636	0.7423800638362104	-19.220080949073502	0.6622846920933836	1.4271163556401454	-725.0155856043392
0.32553742205036257	0.7290357110315587	-19.26444399950032	0.6744625779496374	1.4271163556401454	-724.8702296097206
0.3163509501017156	0.7311851893049437	-19.258130838892576	0.6836490498982843	1.4271163556401454	-725.4060147286787
0.32163605722031435	0.7288662344949061	-19.26552488484647	0.6783639427796857	1.4271163556401454	-725.0176789426632
0.3029249262786524	0.7554651002329515	-19.195909118273157	0.6970750737213476	1.4271163556401454	-727.4452373709732
0.35981694384669816	0.7343840135927518	-19.24431241095431	0.6401830561533018	1.4271163556401454	-727.1708582667916
0.3338928666966327	0.7142967397789097	-19.30646542717608	0.6661071333033672	1.4271163556401454	-726.8389557151951
0.3087702974752017	0.742138979837945	-19.228807931525655	0.6912297025247983	1.4271163556401454	-725.8533416292826
0.3455799953360157	0.7424455690912553	-19.21770972901985	0.6544200046639843	1.4271163556401454	-725.267016510718
0.31754051277497575	0.723685229495539	-19.283090792791636	0.6824594872250243	1.4271163556401454	-725.7189656295407
0.3117054780938405	0.7395861610338935	-19.236601809506915	0.6882945219061595	1.4271163556401454	-725.3408682312544
0.3211712282828261	0.7288460421771165	-19.265653667159555	0.6788287717171739	1.4271163556401454	-725.0407450770062
0.3029249262786524	0.7554651002329515	-19.195909118273157	0.6970750737213476	1.4271163556401454	-727.4452373709732
0.3493850744406805	0.7263008785235295	-19.269322834456077	0.6506149255593194	1.4271163556401454	-726.037494893275
0.33530084070751853	0.7171182955813098	-19.29749608350774	0.6646991592924815	1.4271163556401454	-726.2602058218821
0.3122117872684476	0.7342931637587102	-19.24817726261026	0.6877882127315524	1.4271163556401454	-726.174239659268
0.3491218137704258	0.7448152888773195	-19.209451093846248	0.6508781862295743	1.4271163556401454	-725.7138487230081
0.31754051277497575	0.723685229495539	-19.283090792791636	0.6824594872250243	1.4271163556401454	-725.7189656295407
0.3098998649148434	0.7416348629079782	-19.231060102193215	0.6901001350851566	1.4271163556401454	-725.5557235025412
0.3300778621649153	0.718740313143749	-19.29298951001834	0.6699221378350847	1.4271163556401454	-725.9995242608069
0.3029249262786524	0.7554651002329515	-19.195909118273157	0.6970750737213476	1.4271163556401454	-727.4452373709732
0.3493850744406805	0.7263008785235295	-19.269322834456077	0.6506149255593194	1.4271163556401454	-726.037494893275
0.33530084070751853	0.7171182955813098	-19.29749608350774	0.6646991592924815	1.4271163556401454	-726.2602058218821
0.3122117872684476	0.7342931637587102	-19.24817726261026	0.6877882127315524	1.4271163556401454	-726.174239659268
0.3491218137704258	0.7448152888773195	-19.209451093846248	0.6508781862295743	1.4271163556401454	-725.7138487230081
0.30332915794681925	0.7289399200813567	-19.271564051925882	0.6966708420531807	1.4271163556401454	-726.2491539866829
0.3098998649148434	0.7416348629079782	-19.231060102193215	0.6901001350851566	1.4271163556401454	-725.5557235025412
0.33442322435824035	0.7138099372622513	-19.306326101558284	0.6655767756417597	1.4271163556401454	-726.9024923511724
0.3029763299735474	0.7520920535992479	-19.20552969833414	0.6970236700264526	1.4271163556401454	-726.9254585097211
0.348410098479166	0.7253316989572555	-19.272190841426145	0.651589901520834	1.4271163556401454	-725.9852773469795
0.338833536203531	0.7158120709468592	-19.30036143069191	0.6611664637964689	1.4271163556401454	-726.5196309340666
0.3112870171985126	0.7372298470020406	-19.24133039008823	0.6887129828014874	1.4271163556401454	-725.7584460834416
0.33628110271608835	0.7468401638058385	-19.208359903494394	0.6637188972839116	1.4271163556401454	-725.3371969357481
0.3086707116326891	0.7263407870369616	-19.277535717126742	0.6913292883673109	1.4271163556401454	-726.0124380848815
0.3096836603628505	0.7419614146258044	-19.23026285200594	0.6903163396371494	1.4271163556401454	-725.5761987783277
0.3253929370420623	0.7182039618371514	-19.29623056462444	0.6746070629579377	1.4271163556401454	-726.2120094650404
0.3029763299735474	0.7520920535992479	-19.20552969833414	0.6970236700264526	1.4271163556401454	-726.9254585097211
0.3398587715671086	0.7226836048200278	-19.281122070088102	0.6601412284328914	1.4271163556401454	-725.638972295385
0.34951638596679907	0.7139109495218282	-19.30364472342766	0.6504836140332009	1.4271163556401454	-727.2416253790404
0.3112870171985126	0.7372298470020406	-19.24133039008823	0.6887129828014874	1.4271163556401454	-725.7584460834416
0.33628110271608835	0.7468401638058385	-19.208359903494394	0.6637188972839116	1.4271163556401454	-725.3371969357481
0.3086707116326891	0.7263407870369616	-19.277535717126742	0.6913292883673109	1.4271163556401454	-726.0124380848815
0.3154943145522154	0.733185100298742	-19.25168952918714	0.6845056854477847	1.4271163556401454	-725.5787853575434
0.32340635216331654	0.7212105724200601	-19.28729148774034	0.6765936478366834	1.4271163556401454	-725.8120482851632
0.3041803356569208	0.7499389005896203	-19.210716301460188	0.6958196643430792	1.4271163556401454	-726.5466335137892
0.3398587715671086	0.7226836048200278	-19.281122070088102	0.6601412284328914	1.4271163556401454	-725.638972295385
0.34951638596679907	0.7139109495218282	-19.30364472342766	0.6504836140332009	1.4271163556401454	-727.2416253790404
0.3126059860842042	0.7348711024669857	-19.247012230498253	0.6873940139157958	1.4271163556401454	-725.9129401314531
0.33421256863204807	0.7453043775353753	-19.21354246421429	0.6657874313679519	1.4271163556401454	-725.1254501629144
0.29810984083215847	0.7275791785550056	-19.276321309742965	0.7018901591678415	1.4271163556401454	-726.9993200820363
0.3154943145522154	0.733185100298742	-19.25168952918714	0.6845056854477847	1.4271163556401454	-725.5787853575434
0.32527840424458615	0.7206871998981411	-19.288463991350806	0.6747215957554138	1.4271163556401454	-725.814435587946
0.3041803356569208	0.7499389005896203	-19.210716301460188	0.6958196643430792	1.4271163556401454	-726.5466335137892
0.3276510676188871	0.7225654911371822	-19.28444154146371	0.6723489323811129	1.4271163556401454	-725.5650121343944
0.35802911930317444	0.7126718518668637	-19.30539516597232	0.6419708806968256	1.4271163556401454	-728.0359024747991
0.3105195949335388	0.7360889902670699	-19.24363357232222	0.6894804050664611	1.4271163556401454	-726.2096332289312
0.34118762009108866	0.7480173253159851	-19.204683845191486	0.6588123799089114	1.4271163556401454	-725.5873615857209
0.2870987965980237	0.7221731341388192	-19.295468357271222	0.7129012034019764	1.4271163556401454	-729.3359566654827
0.3154943145522154	0.733185100298742	-19.25168952918714	0.6845056854477847	1.4271163556401454	-725.5787853575434
0.32814832949755296	0.7170212441376663	-19.29925088731621	0.6718516705024471	1.4271163556401454	-726.3485598679869
0.3041803356569208	0.7499389005896203	-19.210716301460188	0.6958196643430792	1.4271163556401454	-726.5466335137892
0.3276510676188871	0.7225654911371822	-19.28444154146371	0.6723489323811129	1.4271163556401454	-725.5650121343944
0.34556562514429656	0.7167310099898792	-19.296798321797304	0.6544343748557034	1.4271163556401454	-726.6221213816914
0.3105195949335388	0.7360889902670699	-19.24363357232222	0.6894804050664611	1.4271163556401454	-726.2096332289312
0.3373592520664324	0.738916799085551	-19.232448963060406	0.6626407479335676	1.4271163556401454	-724.7177471208136
0.2975806271735024	0.7222745494104775	-19.292618178670327	0.7024193728264976	1.4271163556401454	-727.7276190867066
0.3299071419890139	0.7262342300279627	-19.269887569119383	0.6700928580109862	1.4271163556401454	-725.0786842549173
0.32814832949755296	0.7170212441376663	-19.29925088731621	0.6718516705024471	1.4271163556401454	-726.3485598679869
0.30521978054335697	0.7476679383471586	-19.216113728411816	0.694780219456643	1.4271163556401454	-726.2464119356897
0.32457867559548875	0.7225357647006165	-19.285276974352612	0.6754213244045113	1.4271163556401454	-725.6292208657972
0.34556562514429656	0.7167310099898792	-19.296798321797304	0.6544343748557034	1.4271163556401454	-726.6221213816914
0.311678899544921	0.7335561604515447	-19.249653383508242	0.688321100455079	1.4271163556401454	-726.5677942249257
0.3463560182898389	0.7603032766858978	-19.167200200918625	0.6536439817101611	1.4271163556401454	-728.1805113980123
0.2975806271735024	0.7222745494104775	-19.292618178670327	0.7024193728264976	1.4271163556401454	-727.7276190867066
0.32523961820743713	0.7290669760282895	-19.26186593785033	0.6747603817925629	1.4271163556401454	-725.1088847717662
0.32814832949755296	0.7170212441376663	-19.29925088731621	0.6718516705024471	1.4271163556401454	-726.3485598679869
0.3028367507801244	0.7507616437292663	-19.207599912248504	0.6971632492198756	1.4271163556401454	-726.825479683375
0.32457867559548875	0.7225357647006165	-19.285276974352612	0.6754213244045113	1.4271163556401454	-725.6292208657972
0.3456541449845667	0.7216108727643646	-19.282284019612128	0.6543458550154333	1.4271163556401454	-725.8750929101461
0.311678899544921	0.7335561604515447	-19.249653383508242	0.688321100455079	1.4271163556401454	-726.5677942249257
0.3463560182898389	0.7603032766858978	-19.167200200918625	0.6536439817101611	1.4271163556401454	-728.1805113980123
0.31318818768576623	0.7204714623912435	-19.293977808545563	0.6868118123142337	1.4271163556401454	-726.4682329469385
0.3290582588695956	0.7347156759658303	-19.244746806229887	0.6709417411304044	1.4271163556401454	-724.7345329742542
0.32808124329412663	0.7170885970917552	-19.299048857966106	0.6719187567058733	1.4271163556401454	-726.3372391234349
0.3028367507801244	0.7507616437292663	-19.207599912248504	0.6971632492198756	1.4271163556401454	-726.825479683375
0.3282521797573341	0.7289065655098662	-19.265359231186476	0.6717478202426659	1.4271163556401454	-724.8973168716885
0.3456541449845667	0.7216108727643646	-19.282284019612128	0.6543458550154333	1.4271163556401454	-725.8750929101461
0.3138887208611471	0.7292561826164674	-19.260163346604664	0.6861112791388528	1.4271163556401454	-727.2956675229635
0.3463560182898389	0.7603032766858978	-19.167200200918625	0.6536439817101611	1.4271163556401454	-728.1805113980123
0.3127024728619155	0.7218927520370303	-19.289924745664827	0.6872975271380846	1.4271163556401454	-726.2784059334043
0.3190443207792984	0.7426230987473487	-19.2220968959878	0.6809556792207017	1.4271163556401454	-725.9064172719291
0.3237760694271013	0.7207795245835492	-19.287253288284273	0.6762239305728988	1.4271163556401454	-725.9885894097564
0.3044976654794874	0.7493334002515395	-19.211374521047563	0.6955023345205126	1.4271163556401454	-726.4962160580698
0.3282521797573341	0.7289065655098662	-19.265359231186476	0.6717478202426659	1.4271163556401454	-724.8973168716885
0.3456541449845667	0.7216108727643646	-19.282284019612128	0.6543458550154333	1.4271163556401454	-725.8750929101461
0.3138887208611471	0.7292561826164674	-19.260163346604664	0.6861112791388528	1.4271163556401454	-727.2956675229635
0.3385623531503664	0.7466613109394847	-19.208637564996618	0.6614376468496336	1.4271163556401454	-725.3462409610097
0.3127024728619155	0.7218927520370303	-19.289924745664827	0.6872975271380846	1.4271163556401454	-726.2784059334043
0.32270060495662345	0.7521027412186165	-19.195100666007395	0.6772993950433766	1.4271163556401454	-726.4363429197347
0.3237760694271013	0.7207795245835492	-19.287253288284273	0.6762239305728988	1.4271163556401454	-725.9885894097564
0.30638997414280095	0.7430046500538854	-19.22949088425029	0.6936100258571991	1.4271163556401454	-725.7764705162926
0.32953740517497776	0.7294862762021981	-19.263328824837508	0.6704625948250222	1.4271163556401454	-724.8507415906463
0.3428443968568806	0.7229838489571713	-19.27897942304625	0.6571556031431194	1.4271163556401454	-725.6077008226771
0.3138887208611471	0.7292561826164674	-19.260163346604664	0.6861112791388528	1.4271163556401454	-727.2956675229635
0.3369746431215044	0.7472059806265838	-19.207282564903164	0.6630253568784956	1.4271163556401454	-725.3826449060991
0.3127024728619155	0.7218927520370303	-19.289924745664827	0.6872975271380846	1.4271163556401454	-726.2784059334043
0.3285417898206351	0.7500989015537316	-19.20008571106773	0.6714582101793649	1.4271163556401454	-725.8437939201604
0.3237760694271013	0.7207795245835492	-19.287253288284273	0.6762239305728988	1.4271163556401454	-725.9885894097564
0.30638997414280095	0.7430046500538854	-19.22949088425029	0.6936100258571991	1.4271163556401454	-725.7764705162926
0.32953740517497776	0.7294862762021981	-19.263328824837508	0.6704625948250222	1.4271163556401454	-724.8507415906463
0.3304370906778791	0.7297979524502951	-19.262135939938346	0.6695629093221209	1.4271163556401454	-724.8241158002646
0.3137793451275665	0.7315132317702825	-19.250916759853457	0.6862206548724334	1.4271163556401454	-728.8308051856019
0.3372666288224942	0.7479834727161289	-19.204832657036356	0.6627333711775059	1.4271163556401454	-725.4945058911421
0.31421254265104576	0.7225738804919367	-19.287539128912197	0.6857874573489542	1.4271163556401454	-726.0761910037326
0.3285417898206351	0.7500989015537316	-19.20008571106773	0.6714582101793649	1.4271163556401454	-725.8437939201604
0.3237760694271013	0.7207795245835492	-19.287253288284273	0.6762239305728988	1.4271163556401454	-725.9885894097564
0.3134605622898482	0.73809702665376	-19.24218769272421	0.6865394377101518	1.4271163556401454	-725.1234303029373
0.3287120652376219	0.7275111134034128	-19.269575147323476	0.6712879347623781	1.4271163556401454	-725.0231917138175
0.331756463224001	0.7315470238468342	-19.256446118930615	0.668243536775999	1.4271163556401454	-724.7181634836
0.31469415770748305	0.7305309769766776	-19.254241960421464	0.6853058422925169	1.4271163556401454	-728.3119839568116
0.3372666288224942	0.7479834727161289	-19.204832657036356	0.6627333711775059	1.4271163556401454	-725.4945058911421
0.3116792872033377	0.7230491823326165	-19.287614844424354	0.6883207127966623	1.4271163556401454	-726.2284594097616
0.3456308767405518	0.7555717838797584	-19.17740099900077	0.6543691232594482	1.4271163556401454	-727.7090245716713
0.3237760694271013	0.7207795245835492	-19.287253288284273	0.6762239305728988	1.4271163556401454	-725.9885894097564
0.31328627912722556	0.7366247184635188	-19.246632367062947	0.6867137208727745	1.4271163556401454	-725.1282691868901
0.3391513465554483	0.730245802575962	-19.258518731714386	0.6608486534445517	1.4271163556401454	-724.9028466760291
0.331756463224001	0.7315470238468342	-19.256446118930615	0.668243536775999	1.4271163556401454	-724.7181634836
0.31469415770748305	0.7305309769766776	-19.254241960421464	0.6853058422925169	1.4271163556401454	-728.3119839568116
0.3366616765412446	0.7474346408074812	-19.20681667810671	0.6633383234587553	1.4271163556401454	-725.3966569287609
0.311909519758103	0.7249941394411527	-19.28174331493919	0.688090480241897	1.4271163556401454	-725.9543545525285
0.34164913305844163	0.7519594196445428	-19.190459654380554	0.6583508669415583	1.4271163556401454	-726.451011811824
0.3252633303640682	0.7233740792105259	-19.27919885544492	0.6747366696359318	1.4271163556401454	-725.562014379699
0.301524471503177	0.7372282318272303	-19.24808685066553	0.6984755284968229	1.4271163556401454	-726.0534832328672
0.35984753310266365	0.7342356010843257	-19.2408745292724	0.6401524668973364	1.4271163556401454	-725.9614932767083
0.33346394788238126	0.735070223675462	-19.245056789481072	0.6665360521176187	1.4271163556401454	-724.6066323497452
0.3150589667837896	0.7289519685066014	-19.256213755974798	0.6849410332162105	1.4271163556401454	-730.3165817309537
0.33671009791560436	0.7480738462789314	-19.205027372041354	0.6632899020843956	1.4271163556401454	-725.4735436605963
0.3232240936654365	0.7271753562559152	-19.27209725612974	0.6767759063345635	1.4271163556401454	-725.1627841840818
0.34828986064310685	0.7577053865499929	-19.174037979098365	0.6517101393568931	1.4271163556401454	-727.6898751725683
0.334751829557396	0.7222229515927223	-19.277390899456083	0.665248170442604	1.4271163556401454	-726.0454529612136
0.301524471503177	0.7372282318272303	-19.24808685066553	0.6984755284968229	1.4271163556401454	-726.0534832328672
0.3635953307457614	0.7341170426490782	-19.24028043772563	0.6364046692542387	1.4271163556401454	-726.3280739957238
0.3355717984182328	0.7349278056036981	-19.244856820138573	0.6644282015817672	1.4271163556401454	-724.6270745861038
0.3150589667837896	0.7289519685066014	-19.256213755974798	0.6849410332162105	1.4271163556401454	-730.3165817309537
0.33671009791560436	0.7480738462789314	-19.205027372041354	0.6632899020843956	1.4271163556401454	-725.4735436605963
0.3232240936654365	0.7271753562559152	-19.27209725612974	0.6767759063345635	1.4271163556401454	-725.1627841840818
0.3470743149845518	0.7553042842740157	-19.181143050786922	0.6529256850154481	1.4271163556401454	-727.1070590039125
0.33553044267721643	0.7325013415168662	-19.248618953259115	0.6644695573227836	1.4271163556401454	-724.8564599601069
0.301524471503177	0.7372282318272303	-19.24808685066553	0.6984755284968229	1.4271163556401454	-726.0534832328672
0.3757016288630411	0.7296808126984196	-19.25059441030057	0.624298371136959	1.4271163556401454	-727.9019012563945
0.3355717984182328	0.7349278056036981	-19.244856820138573	0.6644282015817672	1.4271163556401454	-724.6270745861038
0.3177727276062223	0.7292407576681421	-19.255322893715938	0.6822272723937777	1.4271163556401454	-729.4704829147202
0.3363655837557752	0.7440951067918582	-19.21708202802544	0.6636344162442248	1.4271163556401454	-725.0193686032276
0.32375045318815093	0.7274031559922347	-19.271093056729796	0.676249546811849	1.4271163556401454	-725.1088293121417
0.35351740858511294	0.747041391549968	-19.20420626462595	0.6464825914148871	1.4271163556401454	-726.173693248749
0.3355638645633375	0.7325158059589768	-19.248555190305204	0.6644361354366626	1.4271163556401454	-724.8583882268487
0.301524471503177	0.7372282318272303	-19.24808685066553	0.6984755284968229	1.4271163556401454	-726.0534832328672
0.3757016288630411	0.7296808126984196	-19.25059441030057	0.624298371136959	1.4271163556401454	-727.9019012563945
0.36462313042700567	0.7329649365024539	-19.24210075387025	0.6353768695729943	1.4271163556401454	-726.237510923733
0.31797768676621746	0.7292890759838707	-19.255228695173944	0.6820223132337826	1.4271163556401454	-729.3681603073807
0.32027769649935783	0.7409243265528717	-19.231398508148768	0.6797223035006421	1.4271163556401454	-724.8968996935993
0.32375045318815093	0.7274031559922347	-19.271093056729796	0.676249546811849	1.4271163556401454	-725.1088293121417
0.3389319451665245	0.7397779194136693	-19.225064185392228	0.6610680548334755	1.4271163556401454	-725.3142484580184
0.3355668902688174	0.7334356615196078	-19.247144756281926	0.6644331097311826	1.4271163556401454	-724.6692692033271
0.2931791642868555	0.7355834456108656	-19.255513271735076	0.7068208357131445	1.4271163556401454	-727.0425937683707
0.3701113771189796	0.7308148728463317	-19.248658244443938	0.6298886228810203	1.4271163556401454	-727.1517932285795
0.3838933427767466	0.7295062007801648	-19.246751391588862	0.6161066572232534	1.4271163556401454	-728.6156335260681
0.32409949463235116	0.7323534022410216	-19.24641610301573	0.6759005053676488	1.4271163556401454	-727.4903892078129
0.34643893396127173	0.7460804749923493	-19.20811783554362	0.6535610660387283	1.4271163556401454	-725.5932934572965
0.32375045318815093	0.7274031559922347	-19.271093056729796	0.676249546811849	1.4271163556401454	-725.1088293121417
0.3477085875758237	0.7441711470961685	-19.212429850606984	0.6522914124241763	1.4271163556401454	-725.497327486857
0.31992313714519327	0.7342283297580687	-19.250233268032144	0.6800768628548067	1.4271163556401454	-724.8453212938108
0.2931791642868555	0.7355834456108656	-19.255513271735076	0.7068208357131445	1.4271163556401454	-727.0425937683707
0.3701113771189796	0.7308148728463317	-19.248658244443938	0.6298886228810203	1.4271163556401454	-727.1517932285795
0.3838933427767466	0.7295062007801648	-19.246751391588862	0.6161066572232534	1.4271163556401454	-728.6156335260681
0.32409949463235116	0.7323534022410216	-19.24641610301573	0.6759005053676488	1.4271163556401454	-727.4903892078129
0.3452762232509572	0.7478289802294845	-19.204169021442084	0.6547237767490428	1.4271163556401454	-725.7487936671591
0.32375045318815093	0.7274031559922347	-19.271093056729796	0.676249546811849	1.4271163556401454	-725.1088293121417
0.34883348102527695	0.7435004991224508	-19.21424895812629	0.6511665189747231	1.4271163556401454	-725.4801451396223
0.3128025354326226	0.7304084864997437	-19.26317075232061	0.6871974645673774	1.4271163556401454	-725.4148388839276
0.2931791642868555	0.7355834456108656	-19.255513271735076	0.7068208357131445	1.4271163556401454	-727.0425937683707
0.3701113771189796	0.7308148728463317	-19.248658244443938	0.6298886228810203	1.4271163556401454	-727.1517932285795
0.3838933427767466	0.7295062007801648	-19.246751391588862	0.6161066572232534	1.4271163556401454	-728.6156335260681
0.32536543347972324	0.732571349774355	-19.244538574642462	0.6746345665202768	1.4271163556401454	-728.0044225061912
0.3452762232509572	0.7478289802294845	-19.204169021442084	0.6547237767490428	1.4271163556401454	-725.7487936671591
0.31406458736054543	0.7266903696866842	-19.275780206235112	0.6859354126394546	1.4271163556401454	-725.6007262562836
0.34883348102527695	0.7435004991224508	-19.21424895812629	0.6511665189747231	1.4271163556401454	-725.4801451396223
0.3101022999035693	0.7289599464889557	-19.268076834157856	0.6898977000964307	1.4271163556401454	-725.731466185748
0.29638004237112797	0.7342205021010766	-19.25861936090778	0.703619957628872	1.4271163556401454	-726.6829324623519
0.3459781743701936	0.7323107473196159	-19.25080862797478	0.6540218256298064	1.4271163556401454	-725.114463530652
0.3838933427767466	0.7295062007801648	-19.246751391588862	0.6161066572232534	1.4271163556401454	-728.6156335260681
0.3271640753545042	0.7335073661521453	-19.23956615875197	0.6728359246454958	1.4271163556401454	-729.1976455740815
0.338163722550878	0.7512036695709216	-19.196326200921053	0.661836277449122	1.4271163556401454	-725.9356097008824
0.31406458736054543	0.7266903696866842	-19.275780206235112	0.6859354126394546	1.4271163556401454	-725.6007262562836
0.34883348102527695	0.7435004991224508	-19.21424895812629	0.6511665189747231	1.4271163556401454	-725.4801451396223
0.3144431122877291	0.7305895846542795	-19.262044053743633	0.6855568877122709	1.4271163556401454	-725.3070056820422
0.27340090984537263	0.7351053037346483	-19.262238123549768	0.7265990901546273	1.4271163556401454	-730.4716583233629
0.34412288069789837	0.7323821846060392	-19.251100800336975	0.6558771193021016	1.4271163556401454	-725.0283801786896
0.3664774072575105	0.7307944398608419	-19.248615040631	0.6335225927424895	1.4271163556401454	-726.5324082645246
0.3249838800920423	0.7336578166166926	-19.239064335872854	0.6750161199079576	1.4271163556401454	-729.8715362550414
0.338163722550878	0.7512036695709216	-19.196326200921053	0.661836277449122	1.4271163556401454	-725.9356097008824
0.3237683341027471	0.7246822780962641	-19.279011811165372	0.6762316658972529	1.4271163556401454	-725.3715880480469
0.3496347670788322	0.746640684449443	-19.203989200730348	0.6503652329211678	1.4271163556401454	-725.961729981875
0.309846625174751	0.7295352977278081	-19.270166029580974	0.6901533748252491	1.4271163556401454	-725.7965492948691
0.2660691599136745	0.7353876096184425	-19.26339273035329	0.7339308400863255	1.4271163556401454	-732.1459722359359
0.3467077971183241	0.733360030743747	-19.247556254165744	0.6532922028816759	1.4271163556401454	-725.1372258547052
0.3634041642382795	0.7330097122065035	-19.24293947020323	0.6365958357617205	1.4271163556401454	-726.1981340956518
0.32669365429449376	0.7336076159972036	-19.23835829736255	0.6733063457055062	1.4271163556401454	-730.1071145583348
0.33513683878720946	0.7524077121098905	-19.194304152305758	0.6648631612127905	1.4271163556401454	-726.0502160805477
0.32315208789073613	0.724449158768486	-19.279856833903462	0.6768479121092639	1.4271163556401454	-725.4164929922033
0.3454879674631063	0.7482902103406728	-19.201219014930174	0.6545120325368937	1.4271163556401454	-725.8672390211807
0.3239392264528283	0.7304495208003984	-19.263001901949394	0.6760607735471718	1.4271163556401454	-725.0038228119076
0.2660691599136745	0.7353876096184425	-19.26339273035329	0.7339308400863255	1.4271163556401454	-732.1459722359359
0.3574556624564131	0.7347339320481309	-19.24026516220933	0.6425443375435869	1.4271163556401454	-725.7958786697187
0.3634041642382795	0.7330097122065035	-19.24293947020323	0.6365958357617205	1.4271163556401454	-726.1981340956518
0.339308006724138	0.7334021661370284	-19.23993246587293	0.6606919932758619	1.4271163556401454	-726.6209374690663
0.33513683878720946	0.7524077121098905	-19.194304152305758	0.6648631612127905	1.4271163556401454	-726.0502160805477
0.32315208789073613	0.724449158768486	-19.279856833903462	0.6768479121092639	1.4271163556401454	-725.4164929922033
0.3454879674631063	0.7482902103406728	-19.201219014930174	0.6545120325368937	1.4271163556401454	-725.8672390211807
0.3378187697687098	0.7322237449896765	-19.25358635537844	0.6621812302312902	1.4271163556401454	-724.8758942657574
0.2660691599136745	0.7353876096184425	-19.26339273035329	0.7339308400863255	1.4271163556401454	-732.1459722359359
0.34662688107691825	0.7433090031752957	-19.2179655224253	0.6533731189230818	1.4271163556401454	-725.4142549952454
0.3634041642382795	0.7330097122065035	-19.24293947020323	0.6365958357617205	1.4271163556401454	-726.1981340956518
0.339308006724138	0.7334021661370284	-19.23993246587293	0.6606919932758619	1.4271163556401454	-726.6209374690663
0.33513683878720946	0.7524077121098905	-19.194304152305758	0.6648631612127905	1.4271163556401454	-726.0502160805477
0.32315208789073613	0.724449158768486	-19.279856833903462	0.6768479121092639	1.4271163556401454	-725.4164929922033
0.34626350058326716	0.7501585347301045	-19.19636080228612	0.6537364994167328	1.4271163556401454	-726.1339010079209
0.3356882012687733	0.7295423640355174	-19.262202575357488	0.6643117987312267	1.4271163556401454	-724.9775550799602
0.2672880678533314	0.7351540377772449	-19.263744293022686	0.7327119321466686	1.4271163556401454	-731.8606367106449
0.3463712154107145	0.7429629338251096	-19.218732879939623	0.6536287845892855	1.4271163556401454	-725.3384632171909
0.3628016799453709	0.7331177728919583	-19.242640074665623	0.6371983200546292	1.4271163556401454	-726.1199744483976
0.3418712815380957	0.7368718179772089	-19.232239026941635	0.6581287184619042	1.4271163556401454	-725.3831384295013
0.32932027819407017	0.7553329782742189	-19.187679017699654	0.6706797218059298	1.4271163556401454	-726.4737146782571
0.32315208789073613	0.724449158768486	-19.279856833903462	0.6768479121092639	1.4271163556401454	-725.4164929922033
0.3529896742042198	0.7434291594847701	-19.214638753113977	0.6470103257957802	1.4271163556401454	-725.7278968262556
0.3356882012687733	0.7295423640355174	-19.262202575357488	0.6643117987312267	1.4271163556401454	-724.9775550799602
0.2672880678533314	0.7351540377772449	-19.263744293022686	0.7327119321466686	1.4271163556401454	-731.8606367106449
0.35069048323858787	0.7483890274868542	-19.201157572595537	0.6493095167614121	1.4271163556401454	-726.1519092861737
0.3628016799453709	0.7331177728919583	-19.242640074665623	0.6371983200546292	1.4271163556401454	-726.1199744483976
0.34411883507480207	0.7398069526804947	-19.224317988846128	0.6558811649251979	1.4271163556401454	-725.2531742673468
0.32932027819407017	0.7553329782742189	-19.187679017699654	0.6706797218059298	1.4271163556401454	-726.4737146782571
0.3298578946467907	0.7302786971770563	-19.260692970813075	0.6701421053532093	1.4271163556401454	-724.781297407327
0.3561954457528967	0.7453198409412675	-19.209564057626963	0.6438045542471034	1.4271163556401454	-726.293944992145
0.33611718003950947	0.7278049645941519	-19.267222897333728	0.6638828199604905	1.4271163556401454	-725.1021893844514
0.29377974978730265	0.7330898483888626	-19.262452381863625	0.7062202502126973	1.4271163556401454	-727.0652808047486
0.3502382548536418	0.7489592514679149	-19.19960862864154	0.6497617451463582	1.4271163556401454	-726.2000777399318
0.3628016799453709	0.7331177728919583	-19.242640074665623	0.6371983200546292	1.4271163556401454	-726.1199744483976
0.34314961404808403	0.7383573707351202	-19.22823156763833	0.6568503859519159	1.4271163556401454	-725.2816775694948
0.3312243579639779	0.7476212979901892	-19.20996238966461	0.668775642036022	1.4271163556401454	-725.3548515027178
0.35140871902353	0.7285994914890132	-19.259642008833058	0.64859128097647	1.4271163556401454	-725.4513720938775
0.35151181518403457	0.741234168829931	-19.223014059139576	0.6484881848159654	1.4271163556401454	-725.6121311222453
0.3383374757873798	0.7311311117758126	-19.256591718386755	0.6616625242126202	1.4271163556401454	-724.9152363701638
0.29812199750146323	0.7330916051509447	-19.261205967203157	0.7018780024985367	1.4271163556401454	-726.5280332864359
0.3502382548536418	0.7489592514679149	-19.19960862864154	0.6497617451463582	1.4271163556401454	-726.2000777399318
0.3708500789259537	0.7335241917772262	-19.23885387607313	0.6291499210740463	1.4271163556401454	-726.9182000011639
0.34378718633924943	0.7393147959443797	-19.224474059996012	0.6562128136607506	1.4271163556401454	-725.5663267681923
0.33371161334395744	0.7477963190290087	-19.208607988304536	0.6662883866560425	1.4271163556401454	-725.3989597085593
0.3474375513472386	0.732341932624468	-19.24986780308881	0.6525624486527615	1.4271163556401454	-725.1134700526582
0.35495432362577334	0.7487475747922003	-19.20032425702057	0.6450456763742267	1.4271163556401454	-726.6683570091002
0.3383374757873798	0.7311311117758126	-19.256591718386755	0.6616625242126202	1.4271163556401454	-724.9152363701638
0.29812199750146323	0.7330916051509447	-19.261205967203157	0.7018780024985367	1.4271163556401454	-726.5280332864359
0.34896469344015846	0.7414028728558346	-19.222462938318817	0.6510353065598415	1.4271163556401454	-725.3590280528573
0.385714894373278	0.7336126076990916	-19.234285355867428	0.614285105626722	1.4271163556401454	-728.9046202234263
0.34391192889463656	0.7392097888282935	-19.224670492926197	0.6560880711053634	1.4271163556401454	-725.5872000187773
0.33140631630082323	0.7497368965125331	-19.204977821744915	0.6685936836991768	1.4271163556401454	-725.7615724578106
0.3489512359540527	0.7379381937785221	-19.23230217778213	0.6510487640459472	1.4271163556401454	-725.150487511566
0.3509630806004158	0.74537620827094	-19.208955630506576	0.6490369193995842	1.4271163556401454	-725.7768855745622
0.3344089656355229	0.7309253474640927	-19.25844135000924	0.6655910343644771	1.4271163556401454	-724.881928304848
0.29812199750146323	0.7330916051509447	-19.261205967203157	0.7018780024985367	1.4271163556401454	-726.5280332864359
0.348661155069578	0.7407993562892473	-19.22451458591033	0.651338844930422	1.4271163556401454	-725.3236795098564
0.39161177409564824	0.7316164949745131	-19.2385834435825	0.6083882259043518	1.4271163556401454	-729.8409983718088
0.34391192889463656	0.7392097888282935	-19.224670492926197	0.6560880711053634	1.4271163556401454	-725.5872000187773
0.33140631630082323	0.7497368965125331	-19.204977821744915	0.6685936836991768	1.4271163556401454	-725.7615724578106
0.3492826133937652	0.7380979968220546	-19.231706539564776	0.6507173866062348	1.4271163556401454	-725.1722789433954
0.3509630806004158	0.74537620827094	-19.208955630506576	0.6490369193995842	1.4271163556401454	-725.7768855745622
0.33604858148465555	0.7323566447858018	-19.253539996468177	0.6639514185153444	1.4271163556401454	-724.8127162362169
0.29812199750146323	0.7330916051509447	-19.261205967203157	0.7018780024985367	1.4271163556401454	-726.5280332864359
0.3686457026624564	0.7335965328980354	-19.23841561215153	0.6313542973375437	1.4271163556401454	-726.5953932599915
0.39161177409564824	0.7316164949745131	-19.2385834435825	0.6083882259043518	1.4271163556401454	-729.8409983718088
0.3452089754401704	0.7396439107058747	-19.224627913640877	0.6547910245598296	1.4271163556401454	-725.2545826771042
0.32824709014623565	0.748156986160837	-19.21031479225125	0.6717529098537643	1.4271163556401454	-725.5178852256694
0.3492826133937652	0.7380979968220546	-19.231706539564776	0.6507173866062348	1.4271163556401454	-725.1722789433954
0.3512830687785098	0.7456949837196076	-19.208084088331546	0.6487169312214902	1.4271163556401454	-725.8338604328696
0.3247242308393822	0.7247762548821747	-19.279600809875284	0.6752757691606178	1.4271163556401454	-725.4840358064147
0.29812199750146323	0.7330916051509447	-19.261205967203157	0.7018780024985367	1.4271163556401454	-726.5280332864359
0.36729045703488894	0.7340849900353168	-19.237472918555664	0.6327095429651111	1.4271163556401454	-726.464055351595
0.39134734200866667	0.7315894528845361	-19.23874560094758	0.6086526579913334	1.4271163556401454	-729.7980162207576
0.343449408445136	0.7388677334792141	-19.227201718334538	0.656550591554864	1.4271163556401454	-725.189716348292
0.33933653094537497	0.74416013393227	-19.21802848238272	0.660663469054625	1.4271163556401454	-725.222602948256
0.3492826133937652	0.7380979968220546	-19.231706539564776	0.6507173866062348	1.4271163556401454	-725.1722789433954
0.3678077309554967	0.7496126356429569	-19.191571608776997	0.6321922690445033	1.4271163556401454	-727.8868942182153
0.3247242308393822	0.7247762548821747	-19.279600809875284	0.6752757691606178	1.4271163556401454	-725.4840358064147
0.29812199750146323	0.7330916051509447	-19.261205967203157	0.7018780024985367	1.4271163556401454	-726.5280332864359
0.36729045703488894	0.7340849900353168	-19.237472918555664	0.6327095429651111	1.4271163556401454	-726.464055351595
0.3590362181514802	0.7282851628168077	-19.258559711887553	0.6409637818485199	1.4271163556401454	-726.0220437125707
0.3449323018653105	0.7369595643666594	-19.230509118381207	0.6550676981346895	1.4271163556401454	-725.6607680677746
0.33863070053702904	0.7450683878671678	-19.21645421986746	0.661369299462971	1.4271163556401454	-725.4199395354791
0.3492826133937652	0.7380979968220546	-19.231706539564776	0.6507173866062348	1.4271163556401454	-725.1722789433954
0.3678077309554967	0.7496126356429569	-19.191571608776997	0.6321922690445033	1.4271163556401454	-727.8868942182153
0.3510955318805832	0.7165330896405483	-19.297835968087384	0.6489044681194168	1.4271163556401454	-727.3942052966947
0.29812199750146323	0.7330916051509447	-19.261205967203157	0.7018780024985367	1.4271163556401454	-726.5280332864359
0.3670312958607607	0.7263054312622885	-19.26047009058066	0.6329687041392393	1.4271163556401454	-726.6384748713817
0.3590362181514802	0.7282851628168077	-19.258559711887553	0.6409637818485199	1.4271163556401454	-726.0220437125707
0.3449323018653105	0.7369595643666594	-19.230509118381207	0.6550676981346895	1.4271163556401454	-725.6607680677746
0.33884763486652997	0.7447892394257661	-19.216938063548845	0.6611523651334701	1.4271163556401454	-725.3534514014033
0.34171032937889256	0.7397854630033688	-19.229281781757756	0.6582896706211074	1.4271163556401454	-724.9202220393239
0.3676253231283924	0.7441370762101384	-19.207757922921985	0.6323746768716076	1.4271163556401454	-727.114876366038
0.346873592286515	0.72699318527928	-19.266996821723517	0.6531264077134851	1.4271163556401454	-725.5785940793761
0.29812199750146323	0.7330916051509447	-19.261205967203157	0.7018780024985367	1.4271163556401454	-726.5280332864359
0.36398577503976354	0.7271110689771295	-19.258825355547046	0.6360142249602365	1.4271163556401454	-726.2940797041077
0.3626304253621238	0.7272973260308715	-19.261160437965152	0.6373695746378762	1.4271163556401454	-726.5316902419876
0.3565683820849443	0.73004527230816	-19.24306531316699	0.6434316179150557	1.4271163556401454	-728.2208094812469
0.3474353816444204	0.7391571015700226	-19.23020255835504	0.6525646183555796	1.4271163556401454	-725.2405468368705
0.32697405315211536	0.7476305613105179	-19.211130834234112	0.6730259468478846	1.4271163556401454	-725.3406798695905
0.3609801253756151	0.7447081506034341	-19.20830928731195	0.6390198746243849	1.4271163556401454	-726.5042421566432
0.34591974993308794	0.7318901107367052	-19.24906878970573	0.6540802500669121	1.4271163556401454	-724.91904699653
0.2883331314001308	0.7318875845119973	-19.267360244042468	0.7116668685998693	1.4271163556401454	-727.9229384099314
0.35824015650416036	0.728486817006992	-19.25746552536739	0.6417598434958396	1.4271163556401454	-725.8394195551429
0.35980018859905855	0.7295063340045373	-19.255394207172607	0.6401998114009415	1.4271163556401454	-726.1594157323632
0.35614681260432174	0.7301155735281598	-19.241457084017163	0.6438531873956783	1.4271163556401454	-729.2244663092749
0.34001619257138954	0.7422295413649798	-19.223287233807316	0.6599838074286104	1.4271163556401454	-725.0743771394847
0.32697405315211536	0.7476305613105179	-19.211130834234112	0.6730259468478846	1.4271163556401454	-725.3406798695905
0.3356805122210048	0.7402433359595423	-19.228874024817756	0.6643194877789952	1.4271163556401454	-724.739585403975
0.3390725737528548	0.7330763601595581	-19.252929084715312	0.6609274262471452	1.4271163556401454	-725.4409708604043
0.2883331314001308	0.7318875845119973	-19.267360244042468	0.7116668685998693	1.4271163556401454	-727.9229384099314
0.35824015650416036	0.728486817006992	-19.25746552536739	0.6417598434958396	1.4271163556401454	-725.8394195551429
0.35980018859905855	0.7295063340045373	-19.255394207172607	0.6401998114009415	1.4271163556401454	-726.1594157323632
0.35614681260432174	0.7301155735281598	-19.241457084017163	0.6438531873956783	1.4271163556401454	-729.2244663092749
0.3334684959124714	0.7453010629790447	-19.216098233836856	0.6665315040875286	1.4271163556401454	-725.146205848746
0.3183379495533436	0.7523987956010003	-19.19948575115859	0.6816620504466564	1.4271163556401454	-726.0998614804839
0.3314246059481187	0.7382936756153493	-19.234358022018917	0.6685753940518813	1.4271163556401454	-724.6771635790711
0.3390725737528548	0.7330763601595581	-19.252929084715312	0.6609274262471452	1.4271163556401454	-725.4409708604043
0.2883331314001308	0.7318875845119973	-19.267360244042468	0.7116668685998693	1.4271163556401454	-727.9229384099314
0.35824015650416036	0.728486817006992	-19.25746552536739	0.6417598434958396	1.4271163556401454	-725.8394195551429
0.3352958904477767	0.73032280630233	-19.259497067240456	0.6647041095522233	1.4271163556401454	-724.8476835712485
0.3508335940760544	0.7336733254110518	-19.23551585326074	0.6491664059239456	1.4271163556401454	-727.0744949298045
0.3334684959124714	0.7453010629790447	-19.216098233836856	0.6665315040875286	1.4271163556401454	-725.146205848746
0.327811882050751	0.746721403587112	-19.21325181847778	0.672188117949249	1.4271163556401454	-725.22258877431
0.3314246059481187	0.7382936756153493	-19.234358022018917	0.6685753940518813	1.4271163556401454	-724.6771635790711
0.3375802592548589	0.7340943920987713	-19.24930539449948	0.6624197407451411	1.4271163556401454	-725.0714200622654
0.2883331314001308	0.7318875845119973	-19.267360244042468	0.7116668685998693	1.4271163556401454	-727.9229384099314
0.3782286677078252	0.726887345814081	-19.255695693314767	0.6217713322921747	1.4271163556401454	-727.8857314924542
0.33432768600739216	0.7304002815627666	-19.259582794448182	0.6656723139926078	1.4271163556401454	-724.8395348555633
0.3413554487985974	0.73592961771132	-19.234950440337386	0.6586445512014025	1.4271163556401454	-725.4065150794486
0.32946846281297315	0.7500539874357101	-19.206536943045663	0.6705315371870268	1.4271163556401454	-726.213517989011
0.3229250265840867	0.747948462643066	-19.21079274653157	0.6770749734159133	1.4271163556401454	-725.3947115305004
0.3333256478582359	0.7361342564268404	-19.239628703591052	0.6666743521417642	1.4271163556401454	-724.6814537878317
0.3375802592548589	0.7340943920987713	-19.24930539449948	0.6624197407451411	1.4271163556401454	-725.0714200622654
0.283196325425048	0.7314415667587074	-19.270698850960986	0.716803674574952	1.4271163556401454	-728.7728413649742
0.3782286677078252	0.726887345814081	-19.255695693314767	0.6217713322921747	1.4271163556401454	-727.8857314924542
0.3371853389843941	0.7188421643802829	-19.290778446327707	0.6628146610156058	1.4271163556401454	-725.927182380575
0.3396636148603571	0.736344499376851	-19.233998597127524	0.6603363851396429	1.4271163556401454	-725.4567129570923
0.32946846281297315	0.7500539874357101	-19.206536943045663	0.6705315371870268	1.4271163556401454	-726.213517989011
0.310090205039165	0.7419893065005425	-19.231781296940103	0.689909794960835	1.4271163556401454	-725.4478313939424
0.3341734043373618	0.7357278013973562	-19.241556841474722	0.6658265956626381	1.4271163556401454	-724.6035990728537
0.339370787037086	0.7332359273858057	-19.253377772043834	0.660629212962914	1.4271163556401454	-725.8156216603884
0.283196325425048	0.7314415667587074	-19.270698850960986	0.716803674574952	1.4271163556401454	-728.7728413649742
0.3693152069869668	0.7251168597814619	-19.263389523452847	0.6306847930130333	1.4271163556401454	-726.9557270777043
0.33716970894171083	0.7187317802839414	-19.29113654668092	0.6628302910582892	1.4271163556401454	-725.9452688291835
0.3385255223665798	0.7283069454159022	-19.260073466676673	0.6614744776334203	1.4271163556401454	-725.0593781573892
0.32946846281297315	0.7500539874357101	-19.206536943045663	0.6705315371870268	1.4271163556401454	-726.213517989011
0.30152980641583793	0.7386319308425574	-19.24416886543687	0.6984701935841621	1.4271163556401454	-726.0548504505738
0.3119194687275296	0.7401934410113435	-19.234414786828506	0.6880805312724704	1.4271163556401454	-725.3907714889206
0.3436793675345375	0.7259182548984177	-19.27375859150989	0.6563206324654625	1.4271163556401454	-726.4194286750073
0.283196325425048	0.7314415667587074	-19.270698850960986	0.716803674574952	1.4271163556401454	-728.7728413649742
0.36810113391720156	0.7252426485677639	-19.263258767477936	0.6318988660827984	1.4271163556401454	-726.8146195751432
0.33716970894171083	0.7187317802839414	-19.29113654668092	0.6628302910582892	1.4271163556401454	-725.9452688291835
0.3385255223665798	0.7283069454159022	-19.260073466676673	0.6614744776334203	1.4271163556401454	-725.0593781573892
0.33361933502003216	0.7523863073339354	-19.19994298293675	0.6663806649799678	1.4271163556401454	-727.0779701037252
0.31393557979646153	0.735169653493151	-19.249502155349486	0.6860644202035384	1.4271163556401454	-725.1148728435571
0.3036352760507861	0.735538663302735	-19.247574824844634	0.6963647239492139	1.4271163556401454	-726.7353269485014
0.34633420718961627	0.7288491210129252	-19.266671325126506	0.6536657928103837	1.4271163556401454	-727.5093712680664
0.283196325425048	0.7314415667587074	-19.270698850960986	0.716803674574952	1.4271163556401454	-728.7728413649742
0.36810113391720156	0.7252426485677639	-19.263258767477936	0.6318988660827984	1.4271163556401454	-726.8146195751432
0.33716970894171083	0.7187317802839414	-19.29113654668092	0.6628302910582892	1.4271163556401454	-725.9452688291835
0.32821696387178984	0.7304436052198913	-19.25638065868487	0.6717830361282102	1.4271163556401454	-725.0685084325037
0.33361933502003216	0.7523863073339354	-19.19994298293675	0.6663806649799678	1.4271163556401454	-727.0779701037252
0.307581375722645	0.7372724101330259	-19.246441708708957	0.692418624277355	1.4271163556401454	-725.5163426396749
0.30561540391137587	0.7359355904817722	-19.245334566565212	0.6943845960886241	1.4271163556401454	-726.7151637622062
0.3482433096365922	0.7253150784050993	-19.27669039882682	0.6517566903634078	1.4271163556401454	-727.9781950970347
0.283196325425048	0.7314415667587074	-19.270698850960986	0.716803674574952	1.4271163556401454	-728.7728413649742
0.36810113391720156	0.7252426485677639	-19.263258767477936	0.6318988660827984	1.4271163556401454	-726.8146195751432
0.33716970894171083	0.7187317802839414	-19.29113654668092	0.6628302910582892	1.4271163556401454	-725.9452688291835
0.3358212282187181	0.7259459111689387	-19.26517463721484	0.6641787717812819	1.4271163556401454	-725.9311787291941
0.3127413000910075	0.7437139764115767	-19.229239994279574	0.6872586999089925	1.4271163556401454	-725.7802418830636
0.3140545516952066	0.7388202468104073	-19.240002486789276	0.6859454483047934	1.4271163556401454	-725.104606616639
0.30561540391137587	0.7359355904817722	-19.245334566565212	0.6943845960886241	1.4271163556401454	-726.7151637622062
0.3354137530378147	0.7303829817998051	-19.262923018192996	0.6645862469621853	1.4271163556401454	-725.832580274889
0.3129003617055843	0.7292728687295389	-19.268095929952914	0.6870996382944157	1.4271163556401454	-725.4303571869718
0.35022690275824847	0.7265476499999337	-19.264825060063476	0.6497730972417515	1.4271163556401454	-725.3888800012621
0.3374013968734129	0.7202641745735631	-19.285055551143117	0.6625986031265871	1.4271163556401454	-725.7815420506907
0.33806021371391093	0.7246216184717805	-19.267763919948234	0.6619397862860891	1.4271163556401454	-726.3103768977013
0.31084303139612085	0.7443473515678133	-19.228073502840967	0.6891569686038792	1.4271163556401454	-725.9448900810664
0.3152850444036125	0.7367025388499376	-19.24457307218189	0.6847149555963875	1.4271163556401454	-725.0315080996509
0.3062620547952458	0.7357100940142364	-19.24578160143082	0.6937379452047542	1.4271163556401454	-726.6628018687976
0.3354137530378147	0.7303829817998051	-19.262923018192996	0.6645862469621853	1.4271163556401454	-725.832580274889
0.3191227913209705	0.7295796905824937	-19.26666619958232	0.6808772086790296	1.4271163556401454	-725.1741865112905
0.3471076071445307	0.7250194438213723	-19.269745324624946	0.6528923928554693	1.4271163556401454	-725.3542758815333
0.3374013968734129	0.7202641745735631	-19.285055551143117	0.6625986031265871	1.4271163556401454	-725.7815420506907
0.33806021371391093	0.7246216184717805	-19.267763919948234	0.6619397862860891	1.4271163556401454	-726.3103768977013
0.31084303139612085	0.7443473515678133	-19.228073502840967	0.6891569686038792	1.4271163556401454	-725.9448900810664
0.32020048649561705	0.7340951788901547	-19.249578227915613	0.679799513504383	1.4271163556401454	-724.9254937658055
0.28798457227283897	0.744776198298352	-19.22272944677545	0.7120154277271611	1.4271163556401454	-730.3148655599119
0.3354137530378147	0.7303829817998051	-19.262923018192996	0.6645862469621853	1.4271163556401454	-725.832580274889
0.3043980906189445	0.7367658442763244	-19.245889303707187	0.6956019093810555	1.4271163556401454	-726.0618652562761
0.3471076071445307	0.7250194438213723	-19.269745324624946	0.6528923928554693	1.4271163556401454	-725.3542758815333
0.3303846737580335	0.7168265396244993	-19.296123477482134	0.6696153262419665	1.4271163556401454	-726.6212595924719
0.33716766050475355	0.7265647130259514	-19.266131263005366	0.6628323394952464	1.4271163556401454	-725.0944202599914
0.31084303139612085	0.7443473515678133	-19.228073502840967	0.6891569686038792	1.4271163556401454	-725.9448900810664
0.31876789380140486	0.7347310001751408	-19.24818060229311	0.6812321061985951	1.4271163556401454	-724.9723535708102
0.2904203332549428	0.7438742861401828	-19.224878893959954	0.7095796667450571	1.4271163556401454	-729.7187709345021
0.3354137530378147	0.7303829817998051	-19.262923018192996	0.6645862469621853	1.4271163556401454	-725.832580274889
0.317769448201425	0.7330883191351517	-19.253358069737246	0.682230551798575	1.4271163556401454	-725.0477220116326
0.3471076071445307	0.7250194438213723	-19.269745324624946	0.6528923928554693	1.4271163556401454	-725.3542758815333
0.32409503118272115	0.7239126232176689	-19.27850291102646	0.6759049688172789	1.4271163556401454	-725.4691280257488
0.33716766050475355	0.7265647130259514	-19.266131263005366	0.6628323394952464	1.4271163556401454	-725.0944202599914
0.30845279430229233	0.7415355957143813	-19.23468085418196	0.6915472056977077	1.4271163556401454	-725.5839963697148
0.32337854801120536	0.7316894747810632	-19.25421473414664	0.6766214519887946	1.4271163556401454	-725.133035574249
0.3102338392090818	0.7388680126608491	-19.23930805345876	0.6897661607909182	1.4271163556401454	-725.404320402302
0.3361337755032054	0.7323238823849745	-19.25816964780061	0.6638662244967946	1.4271163556401454	-726.2751427414037
0.3243859392774729	0.731268585265317	-19.25705380694883	0.6756140607225272	1.4271163556401454	-724.8238660285413
0.34310526792176793	0.7256416495304517	-19.268290115548105	0.6568947320782321	1.4271163556401454	-725.172173679656
0.32409503118272115	0.7239126232176689	-19.27850291102646	0.6759049688172789	1.4271163556401454	-725.4691280257488
0.33716766050475355	0.7265647130259514	-19.266131263005366	0.6628323394952464	1.4271163556401454	-725.0944202599914
0.3074507667199677	0.7430363954907325	-19.232077561425786	0.6925492332800323	1.4271163556401454	-725.9114877390369
0.3217425183689412	0.7322975097176718	-19.252800879958787	0.6782574816310588	1.4271163556401454	-725.1984168867863
0.31036042191125623	0.7387314375660529	-19.239665987393426	0.6896395780887438	1.4271163556401454	-725.3929693805959
0.3305854818740594	0.7284473870953744	-19.267540634658747	0.6694145181259405	1.4271163556401454	-725.1510799958444
0.32518820176374996	0.7309733401906686	-19.257623566086544	0.67481179823625	1.4271163556401454	-724.8205272467897
0.34310526792176793	0.7256416495304517	-19.268290115548105	0.6568947320782321	1.4271163556401454	-725.172173679656
0.32409503118272115	0.7239126232176689	-19.27850291102646	0.6759049688172789	1.4271163556401454	-725.4691280257488
0.3444186844837526	0.7238962234074335	-19.271280870821393	0.6555813155162473	1.4271163556401454	-725.5544055863458
0.30740488874984945	0.7431042738880148	-19.231957910966575	0.6925951112501505	1.4271163556401454	-725.92974769221
0.3217425183689412	0.7322975097176718	-19.252800879958787	0.6782574816310588	1.4271163556401454	-725.1984168867863
0.31081547199535103	0.7380581717194621	-19.240852765086213	0.6891845280046489	1.4271163556401454	-725.4280450458742
0.3341781632937622	0.7268831757310846	-19.273529039203318	0.6658218367062378	1.4271163556401454	-726.0352879204326
0.32607498191385664	0.7307094556125635	-19.25815149204547	0.6739250180861434	1.4271163556401454	-724.8097076731218
0.34310526792176793	0.7256416495304517	-19.268290115548105	0.6568947320782321	1.4271163556401454	-725.172173679656
0.3268181132585043	0.7239104258750634	-19.277535259790646	0.6731818867414957	1.4271163556401454	-725.401734587218
0.3444186844837526	0.7238962234074335	-19.271280870821393	0.6555813155162473	1.4271163556401454	-725.5544055863458
0.30838980810113603	0.7424503994660753	-19.23333972329378	0.691610191898864	1.4271163556401454	-725.790609240228
0.3217425183689412	0.7322975097176718	-19.252800879958787	0.6782574816310588	1.4271163556401454	-725.1984168867863
0.31081547199535103	0.7380581717194621	-19.240852765086213	0.6891845280046489	1.4271163556401454	-725.4280450458742
0.3341781632937622	0.7268831757310846	-19.273529039203318	0.6658218367062378	1.4271163556401454	-726.0352879204326
0.32607498191385664	0.7307094556125635	-19.25815149204547	0.6739250180861434	1.4271163556401454	-724.8097076731218
0.34310526792176793	0.7256416495304517	-19.268290115548105	0.6568947320782321	1.4271163556401454	-725.172173679656
0.31547659665795386	0.7239195777099857	-19.281565484458543	0.6845234033420462	1.4271163556401454	-725.8483305054132
0.35177141398630685	0.7238902902532527	-19.268668067537558	0.6482285860136932	1.4271163556401454	-725.9112693295896
0.31296553143831374	0.7394126396249837	-19.239759325979964	0.6870344685616863	1.4271163556401454	-725.2566578503744
0.3212984628321687	0.7330312820337689	-19.250636909320477	0.6787015371678313	1.4271163556401454	-725.2290648456445
0.31081547199535103	0.7380581717194621	-19.240852765086213	0.6891845280046489	1.4271163556401454	-725.4280450458742
0.33107580425475513	0.7283671164882768	-19.26918991863397	0.6689241957452449	1.4271163556401454	-725.5808576052244
0.3231099240157206	0.7320982614223159	-19.251606653675278	0.6768900759842794	1.4271163556401454	-725.5422314670914
0.35889817993920314	0.7231611854447246	-19.2702247730131	0.6411018200607969	1.4271163556401454	-726.2131466141309
0.3144685093321446	0.7301393920072526	-19.26478206594221	0.6855314906678553	1.4271163556401454	-725.2664700869577
0.35177141398630685	0.7238902902532527	-19.268668067537558	0.6482285860136932	1.4271163556401454	-725.9112693295896
0.31129028083628774	0.7406955462806547	-19.237572499138544	0.6887097191637123	1.4271163556401454	-725.5385220861215
0.32551968229515793	0.7297986728124576	-19.25614717507655	0.6744803177048421	1.4271163556401454	-726.1307689394313
0.3051331684693156	0.74124997725037	-19.234942384450687	0.6948668315306844	1.4271163556401454	-725.7973721425718
0.33107580425475513	0.7283671164882768	-19.26918991863397	0.6689241957452449	1.4271163556401454	-725.5808576052244
0.33210975614741983	0.7275165722539402	-19.25994940636119	0.6678902438525802	1.4271163556401454	-726.5588947172549
0.3609161791454683	0.7226572488386025	-19.271274596455914	0.6390838208545317	1.4271163556401454	-726.4025566305868
0.3095005945674056	0.7302925580036692	-19.26866377170928	0.6904994054325944	1.4271163556401454	-725.8769392613309
0.35087554187519077	0.7240110858555465	-19.26841271745211	0.6491244581248092	1.4271163556401454	-725.8888647280813
0.31040051635784677	0.7355235730697963	-19.253029906620498	0.6895994836421533	1.4271163556401454	-725.5777131437184
0.32551968229515793	0.7297986728124576	-19.25614717507655	0.6744803177048421	1.4271163556401454	-726.1307689394313
0.306738744639925	0.7404326007879832	-19.23643073720147	0.693261255360075	1.4271163556401454	-725.656905201177
0.33107580425475513	0.7283671164882768	-19.26918991863397	0.6689241957452449	1.4271163556401454	-725.5808576052244
0.33210975614741983	0.7275165722539402	-19.25994940636119	0.6678902438525802	1.4271163556401454	-726.5588947172549
0.3609161791454683	0.7226572488386025	-19.271274596455914	0.6390838208545317	1.4271163556401454	-726.4025566305868
0.3096719844916636	0.7302715144994374	-19.268597712009914	0.6903280155083364	1.4271163556401454	-725.8508928980538
0.3496735446787005	0.7243388434757776	-19.26792981042499	0.6503264553212995	1.4271163556401454	-725.7786639252834
0.3148908248518135	0.7338233094203842	-19.25395571807625	0.6851091751481865	1.4271163556401454	-725.071056513514
0.3319094674868823	0.7285095010238215	-19.258877981278292	0.6680905325131177	1.4271163556401454	-725.7280133321121
0.29657636916224533	0.7461866249412865	-19.22576216205112	0.7034236308377546	1.4271163556401454	-727.0030314942309
0.33008009707180097	0.7288814151286979	-19.267936526250786	0.669919902928199	1.4271163556401454	-725.5347834622152
0.33210975614741983	0.7275165722539402	-19.25994940636119	0.6678902438525802	1.4271163556401454	-726.5588947172549
0.3609161791454683	0.7226572488386025	-19.271274596455914	0.6390838208545317	1.4271163556401454	-726.4025566305868
0.3044533492765711	0.7309122661230154	-19.270609157402163	0.6955466507234289	1.4271163556401454	-726.8558150144474
0.3496735446787005	0.7243388434757776	-19.26792981042499	0.6503264553212995	1.4271163556401454	-725.7786639252834
0.3148908248518135	0.7338233094203842	-19.25395571807625	0.6851091751481865	1.4271163556401454	-725.071056513514
0.3319094674868823	0.7285095010238215	-19.258877981278292	0.6680905325131177	1.4271163556401454	-725.7280133321121
0.31839167424564063	0.7349186719357907	-19.25322318442444	0.6816083257543594	1.4271163556401454	-725.3647351293369
0.34820243126382966	0.719520940487383	-19.290748851029267	0.6517975687361703	1.4271163556401454	-727.111724285332
0.3365881291998939	0.7267775594339739	-19.261627824199767	0.6634118708001061	1.4271163556401454	-726.2022532362835
0.3677624031476862	0.7216332385320272	-19.273311410378387	0.6322375968523137	1.4271163556401454	-727.0804030034076
0.3044533492765711	0.7309122661230154	-19.270609157402163	0.6955466507234289	1.4271163556401454	-726.8558150144474
0.3499420084344034	0.7252180634718716	-19.263765559538395	0.6500579915655966	1.4271163556401454	-726.0754646742818
0.3157708086656679	0.7340687395499828	-19.252551666210817	0.6842291913343321	1.4271163556401454	-725.0190758304067
0.3306541774313737	0.7291046698036859	-19.258352865223483	0.6693458225686263	1.4271163556401454	-725.4235221489777
0.3130688732184413	0.7363510129228692	-19.25105741470379	0.6869311267815588	1.4271163556401454	-725.70556397025
0.34820243126382966	0.719520940487383	-19.290748851029267	0.6517975687361703	1.4271163556401454	-727.111724285332
0.3365881291998939	0.7267775594339739	-19.261627824199767	0.6634118708001061	1.4271163556401454	-726.2022532362835
0.3534093434085392	0.7254955801167141	-19.267471360746093	0.6465906565914608	1.4271163556401454	-725.6859386831225
0.3044533492765711	0.7309122661230154	-19.270609157402163	0.6955466507234289	1.4271163556401454	-726.8558150144474
0.3341611861130783	0.729305451317705	-19.25858679908133	0.6658388138869217	1.4271163556401454	-724.9480361500499
0.3157708086656679	0.7340687395499828	-19.252551666210817	0.6842291913343321	1.4271163556401454	-725.0190758304067
0.3306541774313737	0.7291046698036859	-19.258352865223483	0.6693458225686263	1.4271163556401454	-725.4235221489777
0.3130688732184413	0.7363510129228692	-19.25105741470379	0.6869311267815588	1.4271163556401454	-725.70556397025
0.3319385768602826	0.7273118350884445	-19.27237508596308	0.6680614231397174	1.4271163556401454	-725.7781342527752
0.3279051324182166	0.7303119512488837	-19.257725369474713	0.6720948675817834	1.4271163556401454	-724.9178821849742
0.3534093434085392	0.7254955801167141	-19.267471360746093	0.6465906565914608	1.4271163556401454	-725.6859386831225
0.3044533492765711	0.7309122661230154	-19.270609157402163	0.6955466507234289	1.4271163556401454	-726.8558150144474
0.3326659666027998	0.7292198477551501	-19.25848706095687	0.6673340333972002	1.4271163556401454	-725.1129186842791
0.3157708086656679	0.7340687395499828	-19.252551666210817	0.6842291913343321	1.4271163556401454	-725.0190758304067
0.3332980173749375	0.7279435906315876	-19.258956346911514	0.6667019826250624	1.4271163556401454	-726.2250261128937
0.3130688732184413	0.7363510129228692	-19.25105741470379	0.6869311267815588	1.4271163556401454	-725.70556397025
0.3319385768602826	0.7273118350884445	-19.27237508596308	0.6680614231397174	1.4271163556401454	-725.7781342527752
0.3230636945185547	0.7324381362027003	-19.256620265089214	0.6769363054814452	1.4271163556401454	-724.8300863652087
0.3534093434085392	0.7254955801167141	-19.267471360746093	0.6465906565914608	1.4271163556401454	-725.6859386831225
0.3044533492765711	0.7309122661230154	-19.270609157402163	0.6955466507234289	1.4271163556401454	-726.8558150144474
0.34450285726390434	0.7258226731198768	-19.262645448756555	0.6554971427360956	1.4271163556401454	-726.1603351474512
0.3157708086656679	0.7340687395499828	-19.252551666210817	0.6842291913343321	1.4271163556401454	-725.0190758304067
0.32154409839085973	0.7291532967407813	-19.263704752751263	0.6784559016091403	1.4271163556401454	-725.0827786865124
0.30067439182039624	0.7415022757933418	-19.246217705838422	0.6993256081796038	1.4271163556401454	-729.8149127527084
0.3326668363074302	0.7272255192599925	-19.271811130051134	0.6673331636925698	1.4271163556401454	-725.5856029877266
0.32337840054469774	0.7323661369435966	-19.256732798691836	0.6766215994553022	1.4271163556401454	-724.8236200396497
0.3617958081767858	0.7249006620116902	-19.264626386352422	0.6382041918232142	1.4271163556401454	-726.249280682383
0.30435767204025466	0.7311803884476438	-19.269991604359443	0.6956423279597453	1.4271163556401454	-726.8960013715996
0.3526491184350142	0.7234847050998001	-19.26550729094441	0.6473508815649858	1.4271163556401454	-727.3618382923088
0.3157708086656679	0.7340687395499828	-19.252551666210817	0.6842291913343321	1.4271163556401454	-725.0190758304067
0.32154409839085973	0.7291532967407813	-19.263704752751263	0.6784559016091403	1.4271163556401454	-725.0827786865124
0.30160672885624773	0.7388895291985006	-19.252235517341934	0.6983932711437523	1.4271163556401454	-728.8353099535013
0.3351918183262016	0.7267878928849313	-19.273651365528504	0.6648081816737984	1.4271163556401454	-726.1115542601627
0.336218541668944	0.7331665888307229	-19.247782303663673	0.663781458331056	1.4271163556401454	-724.6759380410894
0.3527718729323425	0.7251653428818491	-19.26728357682338	0.6472281270676574	1.4271163556401454	-725.6030591900021
0.30435767204025466	0.7311803884476438	-19.269991604359443	0.6956423279597453	1.4271163556401454	-726.8960013715996
0.34910254709016286	0.7241557705608044	-19.267161816064	0.6508974529098371	1.4271163556401454	-726.1359586088403
0.3157708086656679	0.7340687395499828	-19.252551666210817	0.6842291913343321	1.4271163556401454	-725.0190758304067
0.3172763434626164	0.7299310541534966	-19.263457436040127	0.6827236565373835	1.4271163556401454	-725.1574867974007
0.307040045502431	0.7357832478502244	-19.256126630122733	0.692959954497569	1.4271163556401454	-726.63790576845
0.34211501105167075	0.7254779190915992	-19.270421599323832	0.6578849889483293	1.4271163556401454	-725.1749032631266
0.3350218262068781	0.7332739074632433	-19.24812453461475	0.664978173793122	1.4271163556401454	-724.6412882842292
0.3527718729323425	0.7251653428818491	-19.26728357682338	0.6472281270676574	1.4271163556401454	-725.6030591900021
0.3054410000806304	0.7323046018848834	-19.265019658613603	0.6945589999193695	1.4271163556401454	-726.3115671711769
0.34437418789620394	0.7246763754482439	-19.268965116717673	0.6556258121037961	1.4271163556401454	-725.4785385277402
0.3087653628210303	0.7357544279059286	-19.24976245989933	0.6912346371789697	1.4271163556401454	-725.4395128164101
0.3172763434626164	0.7299310541534966	-19.263457436040127	0.6827236565373835	1.4271163556401454	-725.1574867974007
0.307040045502431	0.7357832478502244	-19.256126630122733	0.692959954497569	1.4271163556401454	-726.63790576845
0.33527099914532454	0.7256786606724815	-19.272436888965	0.6647290008546755	1.4271163556401454	-725.0954533937579
0.3350218262068781	0.7332739074632433	-19.24812453461475	0.664978173793122	1.4271163556401454	-724.6412882842292
0.35879739853117393	0.723715448247637	-19.26968262956078	0.6412026014688261	1.4271163556401454	-726.1167342053619
0.3013333381755781	0.7331283829346906	-19.265561855146917	0.6986666618244219	1.4271163556401454	-727.191106244735
0.3387328731420681	0.7257816850506518	-19.268393430393917	0.6612671268579319	1.4271163556401454	-725.1288281435109
0.3114426411542228	0.734863469395098	-19.25142693896673	0.6885573588457772	1.4271163556401454	-725.2661234088123
0.32305463215419505	0.7287722331905095	-19.26269472280582	0.676945367845805	1.4271163556401454	-725.3469579129327
0.29323053598298576	0.740726027842222	-19.248148271417744	0.7067694640170142	1.4271163556401454	-728.930317222395
0.3137275408153311	0.7274764021956915	-19.27495900345144	0.686272459184669	1.4271163556401454	-725.695654191558
0.3350218262068781	0.7332739074632433	-19.24812453461475	0.664978173793122	1.4271163556401454	-724.6412882842292
0.3684379862117089	0.7212143070048669	-19.272848922101762	0.6315620137882911	1.4271163556401454	-727.2370367963247
0.3140039247638339	0.7306393955245296	-19.266521164383793	0.6859960752361661	1.4271163556401454	-725.6113031757795
0.3387328731420681	0.7257816850506518	-19.268393430393917	0.6612671268579319	1.4271163556401454	-725.1288281435109
0.3107323077708768	0.7352360849458657	-19.25073766156226	0.6892676922291232	1.4271163556401454	-725.3025750889251
0.32305463215419505	0.7287722331905095	-19.26269472280582	0.676945367845805	1.4271163556401454	-725.3469579129327
0.29323053598298576	0.740726027842222	-19.248148271417744	0.7067694640170142	1.4271163556401454	-728.930317222395
0.311058956434763	0.7267498630459255	-19.278321879597865	0.688941043565237	1.4271163556401454	-726.0155189640885
0.34746866124558123	0.7322684161643026	-19.246785473071125	0.6525313387544187	1.4271163556401454	-725.0222514829028
0.3684379862117089	0.7212143070048669	-19.272848922101762	0.6315620137882911	1.4271163556401454	-727.2370367963247
0.3140039247638339	0.7306393955245296	-19.266521164383793	0.6859960752361661	1.4271163556401454	-725.6113031757795
0.3524684172679565	0.7212705172148466	-19.27450472690778	0.6475315827320435	1.4271163556401454	-726.6627982271754
0.3107323077708768	0.7352360849458657	-19.25073766156226	0.6892676922291232	1.4271163556401454	-725.3025750889251
0.32082715992722904	0.7292317610553366	-19.263636449454957	0.679172840072771	1.4271163556401454	-725.1132505681578
0.29323053598298576	0.740726027842222	-19.248148271417744	0.7067694640170142	1.4271163556401454	-728.930317222395
0.3160391115325601	0.7275046961484665	-19.27400829901416	0.68396088846744	1.4271163556401454	-725.5329711712642
0.34609761468182976	0.7367944910862321	-19.235300492591684	0.6539023853181702	1.4271163556401454	-724.9208042417034
0.3684379862117089	0.7212143070048669	-19.272848922101762	0.6315620137882911	1.4271163556401454	-727.2370367963247
0.3140039247638339	0.7306393955245296	-19.266521164383793	0.6859960752361661	1.4271163556401454	-725.6113031757795
0.35079838346251996	0.7212763954543412	-19.27467788436813	0.6492016165374801	1.4271163556401454	-726.6862331682701
0.3128759548186071	0.7321130433723173	-19.26013767624393	0.6871240451813929	1.4271163556401454	-725.271415027266
0.338541094945667	0.7262488121937742	-19.267064013195387	0.661458905054333	1.4271163556401454	-725.0864677261112
0.3100307104841737	0.7381062958480868	-19.247726146760552	0.6899692895158263	1.4271163556401454	-726.1511363850128
0.31718134619161836	0.7254892656669043	-19.279004700715205	0.6828186538083816	1.4271163556401454	-725.5991542897201
0.3325540832233211	0.7462397553672271	-19.212537292991033	0.6674459167766789	1.4271163556401454	-725.167185056561
0.3684379862117089	0.7212143070048669	-19.272848922101762	0.6315620137882911	1.4271163556401454	-727.2370367963247
0.3187346845161714	0.7294355701263654	-19.267569895197553	0.6812653154838286	1.4271163556401454	-725.2526385346777
0.3349400366691518	0.7232637555029945	-19.27671899684304	0.6650599633308483	1.4271163556401454	-725.398392465489
0.30505778754891905	0.7338994174203448	-19.258027761371668	0.6949422124510809	1.4271163556401454	-725.8388651547541
0.3381099269038569	0.7276885046850822	-19.263137149466512	0.6618900730961431	1.4271163556401454	-724.9511831233652
0.3100307104841737	0.7381062958480868	-19.247726146760552	0.6899692895158263	1.4271163556401454	-726.1511363850128
0.3049397112533419	0.7270233812038847	-19.28058030970594	0.6950602887466582	1.4271163556401454	-726.7490798274736
0.3282964712669407	0.7447022807227108	-19.219189071402532	0.6717035287330593	1.4271163556401454	-725.0444906956304
0.35274934189232576	0.7269264782703199	-19.26124395324625	0.6472506581076742	1.4271163556401454	-725.4875009364852
0.3198742998791813	0.7296348432602937	-19.266495092951082	0.6801257001208187	1.4271163556401454	-725.1692721467742
0.3338449083578139	0.7338095052436633	-19.24726024898647	0.6661550916421861	1.4271163556401454	-724.607932145765
0.30303609001399195	0.7344813140823062	-19.25687240287704	0.6969639099860081	1.4271163556401454	-725.9978821587083
0.3573736147935115	0.724068615419908	-19.26611504014128	0.6426263852064885	1.4271163556401454	-726.282918420887
0.30694019137384004	0.7369902724013258	-19.25255454552236	0.6930598086261599	1.4271163556401454	-726.5954949889227
0.3049397112533419	0.7270233812038847	-19.28058030970594	0.6950602887466582	1.4271163556401454	-726.7490798274736
0.3375174368526843	0.7379991796764755	-19.235047602866356	0.6624825631473157	1.4271163556401454	-724.6885939864468
0.3524110356146694	0.7271724070879279	-19.260662122558482	0.6475889643853305	1.4271163556401454	-725.4501047689778
0.30171405295742065	0.7324078897055198	-19.266503799139223	0.6982859470425793	1.4271163556401454	-726.8299257280452
0.34212686809790005	0.733628911048437	-19.244676330620997	0.6578731319021	1.4271163556401454	-724.786832685802
0.30303609001399195	0.7344813140823062	-19.25687240287704	0.6969639099860081	1.4271163556401454	-725.9978821587083
0.3577171876638315	0.7238562827649202	-19.26647695072525	0.6422828123361686	1.4271163556401454	-726.3600316245911
0.30629245345301476	0.7337630804311726	-19.261629042207332	0.6937075465469853	1.4271163556401454	-726.5236474893031
0.31360438514298555	0.729942606309193	-19.26847000891546	0.6863956148570145	1.4271163556401454	-725.6338826605876
0.3375174368526843	0.7379991796764755	-19.235047602866356	0.6624825631473157	1.4271163556401454	-724.6885939864468
0.3524110356146694	0.7271724070879279	-19.260662122558482	0.6475889643853305	1.4271163556401454	-725.4501047689778
0.30023463139016127	0.7327146257469536	-19.266259158947232	0.6997653686098387	1.4271163556401454	-727.0227250337657
0.3432614251353413	0.7329166247118212	-19.246439895120716	0.6567385748646587	1.4271163556401454	-724.8280675807385
0.3260370310609546	0.7310765156192346	-19.258637814826702	0.6739629689390454	1.4271163556401454	-724.746539798085
0.3341578238269438	0.7283636046200129	-19.26578843237466	0.6658421761730562	1.4271163556401454	-724.9835870119357
0.30862918962945524	0.7332476826301689	-19.26504236243694	0.6913708103705447	1.4271163556401454	-727.5369461485728
0.3216994143015238	0.7293647454735236	-19.26684129149311	0.6783005856984762	1.4271163556401454	-725.1355897521788
0.3385651729897137	0.7410041508176056	-19.22546070172288	0.6614348270102863	1.4271163556401454	-724.8383317213868
0.3455949866970192	0.7281182186304129	-19.261344047420508	0.6544050133029808	1.4271163556401454	-725.0676970358169
0.30023463139016127	0.7327146257469536	-19.266259158947232	0.6997653686098387	1.4271163556401454	-727.0227250337657
0.3415147284306981	0.7365082848709427	-19.235283971859438	0.6584852715693019	1.4271163556401454	-724.9292026030013
0.3215102878961132	0.7316411068963985	-19.260303256359624	0.6784897121038869	1.4271163556401454	-725.0243944898621
0.3341578238269438	0.7283636046200129	-19.26578843237466	0.6658421761730562	1.4271163556401454	-724.9835870119357
0.3235296312868773	0.7311800610684719	-19.263551618789986	0.6764703687131227	1.4271163556401454	-725.6207907412848
0.31449994760768607	0.7297403099647781	-19.268497549186108	0.6855000523923139	1.4271163556401454	-725.5374707235021
0.33753189282133217	0.7404368853364035	-19.22757165823325	0.6624681071786678	1.4271163556401454	-724.7821059127798
0.343042842720258	0.7281709940703821	-19.262130082122123	0.656957157279742	1.4271163556401454	-724.9874967852587
0.3086241370648507	0.7309654153717763	-19.26757556773375	0.6913758629351493	1.4271163556401454	-726.0345020405838
0.33920196138711933	0.741263932045217	-19.220512631425354	0.6607980386128807	1.4271163556401454	-725.4556964151499
0.32277228643116634	0.7323339375808242	-19.257725035945487	0.6772277135688336	1.4271163556401454	-724.9303566288024
0.3313557340018573	0.7291061545810975	-19.265198703447318	0.6686442659981426	1.4271163556401454	-725.0665778551516
0.31726572532777186	0.7270390245257956	-19.279647239399925	0.6827342746722281	1.4271163556401454	-726.9840815468978
0.3197127911724491	0.72865343304959	-19.26931550358503	0.6802872088275509	1.4271163556401454	-725.2308343598596
0.33573150894355785	0.7444440552956482	-19.216281693644213	0.6642684910564421	1.4271163556401454	-725.0380295205273
0.343042842720258	0.7281709940703821	-19.262130082122123	0.656957157279742	1.4271163556401454	-724.9874967852587
0.31007278580566233	0.7314533157879071	-19.265345923704682	0.6899272141943377	1.4271163556401454	-725.8168316362583
0.34100913178231945	0.7421160954965541	-19.21671999160814	0.6589908682176806	1.4271163556401454	-725.8128811257604
0.3243891855056409	0.7342790310903488	-19.251599641128905	0.6756108144943591	1.4271163556401454	-724.8428350111334
0.3459109967203985	0.7275009470838585	-19.26509802052014	0.6540890032796015	1.4271163556401454	-725.3545741727023
0.31726572532777186	0.7270390245257956	-19.279647239399925	0.6827342746722281	1.4271163556401454	-726.9840815468978
0.3197127911724491	0.72865343304959	-19.26931550358503	0.6802872088275509	1.4271163556401454	-725.2308343598596
0.33494461759229976	0.745753785766136	-19.212508110310655	0.6650553824077002	1.4271163556401454	-725.1573822599346
0.3522501231572485	0.7251561209484356	-19.267327814783027	0.6477498768427514	1.4271163556401454	-725.5752981896168
0.3108503183599501	0.7309761457589016	-19.266891847799833	0.68914968164005	1.4271163556401454	-725.8814901317661
0.34100913178231945	0.7421160954965541	-19.21671999160814	0.6589908682176806	1.4271163556401454	-725.8128811257604
0.31959852686635737	0.735847705800198	-19.2488951983733	0.6804014731336426	1.4271163556401454	-725.0315582308303
0.3419420948284151	0.7341069311679341	-19.246064920196726	0.6580579051715849	1.4271163556401454	-724.8358372632854
0.3164796134321967	0.724070658370509	-19.29001012062423	0.6835203865678032	1.4271163556401454	-728.0854060834266
0.31976445956363186	0.7254003043038971	-19.278549221040972	0.6802355404363681	1.4271163556401454	-725.4905413195786
0.346179453874086	0.7530060031939567	-19.185869210251	0.653820546125914	1.4271163556401454	-726.8969370806627
0.3522501231572485	0.7251561209484356	-19.267327814783027	0.6477498768427514	1.4271163556401454	-725.5752981896168
0.3095197033791106	0.730235174534192	-19.269629163824515	0.6904802966208894	1.4271163556401454	-726.063676031339
0.34100913178231945	0.7421160954965541	-19.21671999160814	0.6589908682176806	1.4271163556401454	-725.8128811257604
0.31959852686635737	0.735847705800198	-19.2488951983733	0.6804014731336426	1.4271163556401454	-725.0315582308303
0.34200672551101113	0.7343951908863834	-19.24514677996334	0.6579932744889889	1.4271163556401454	-724.8300534936943
0.31721735600997925	0.7268563815118709	-19.28028486554196	0.6827826439900208	1.4271163556401454	-727.0456790258397
0.31976445956363186	0.7254003043038971	-19.278549221040972	0.6802355404363681	1.4271163556401454	-725.4905413195786
0.33904961395839806	0.7465685338737479	-19.20911229543488	0.660950386041602	1.4271163556401454	-725.3391284803387
0.3522501231572485	0.7251561209484356	-19.267327814783027	0.6477498768427514	1.4271163556401454	-725.5752981896168
0.3095197033791106	0.730235174534192	-19.269629163824515	0.6904802966208894	1.4271163556401454	-726.063676031339
0.340768546591843	0.7439781113180893	-19.209864430978225	0.6592314534081569	1.4271163556401454	-726.5912337919859
0.31959852686635737	0.735847705800198	-19.2488951983733	0.6804014731336426	1.4271163556401454	-725.0315582308303
0.3521526794584886	0.7384982667710345	-19.22991003970905	0.6478473205415114	1.4271163556401454	-725.3839676112002
0.3176558117682002	0.7266057338947629	-19.27998609350162	0.6823441882317998	1.4271163556401454	-726.6369608891697
0.31976445956363186	0.7254003043038971	-19.278549221040972	0.6802355404363681	1.4271163556401454	-725.4905413195786
0.33446325405244937	0.7540080220518874	-19.188886005689515	0.6655367459475506	1.4271163556401454	-726.3257337492432
0.34816949778930195	0.7275927856969129	-19.26176159463749	0.651830502210698	1.4271163556401454	-725.1944086856752
0.3149218981668649	0.7353838221598662	-19.25214206771153	0.6850781018331351	1.4271163556401454	-725.3302614582753
0.339975190617195	0.7443599996412911	-19.208467459980227	0.660024809382805	1.4271163556401454	-726.863567485414
0.32722913026584316	0.7400969120902274	-19.233197665079157	0.6727708697341568	1.4271163556401454	-724.7888636698223
0.3532977241175259	0.7379470902515348	-19.231926277351675	0.6467022758824741	1.4271163556401454	-725.5363491971743
0.3176558117682002	0.7266057338947629	-19.27998609350162	0.6823441882317998	1.4271163556401454	-726.6369608891697
0.32571047157988764	0.7225941666107614	-19.28372638352678	0.6742895284201124	1.4271163556401454	-725.51888467393
0.31838983689076084	0.7677144898176662	-19.152155254105423	0.6816101631092392	1.4271163556401454	-730.0970137627418
0.34699834141942343	0.7291706676449812	-19.257451063220408	0.6530016585805766	1.4271163556401454	-725.0532454516175
0.31567116847790855	0.732978054500804	-19.259773143490317	0.6843288315220915	1.4271163556401454	-725.5536580090345
0.33876701369140366	0.7439271299681187	-19.21057363638034	0.6612329863085964	1.4271163556401454	-726.555764759474
0.32882944534465075	0.7406281668445898	-19.230059691420152	0.6711705546553492	1.4271163556401454	-724.7258973750295
0.3532977241175259	0.7379470902515348	-19.231926277351675	0.6467022758824741	1.4271163556401454	-725.5363491971743
0.3168811321233795	0.7290930862002979	-19.272096231876546	0.6831188678766205	1.4271163556401454	-726.1318914396772
0.33259252335663037	0.7144356206820293	-19.30387407946878	0.6674074766433696	1.4271163556401454	-726.8646815878503
0.33390401476198106	0.7544849085304162	-19.187608039763063	0.6660959852380189	1.4271163556401454	-726.4059967956854
0.34979650475875246	0.7241543454603794	-19.27338660868283	0.6502034952412475	1.4271163556401454	-725.7327995525674
0.30933454481876366	0.7363560565831025	-19.253600028186806	0.6906654551812363	1.4271163556401454	-726.4072098608675
0.33876701369140366	0.7439271299681187	-19.21057363638034	0.6612329863085964	1.4271163556401454	-726.555764759474
0.32882944534465075	0.7406281668445898	-19.230059691420152	0.6711705546553492	1.4271163556401454	-724.7258973750295
0.3467763541254283	0.736361542753325	-19.239119787828013	0.6532236458745717	1.4271163556401454	-725.2191205826202
0.3168811321233795	0.7290930862002979	-19.272096231876546	0.6831188678766205	1.4271163556401454	-726.1318914396772
0.33111106471308127	0.72474717249827	-19.274814633226953	0.6688889352869187	1.4271163556401454	-725.1535659946853
0.33390401476198106	0.7544849085304162	-19.187608039763063	0.6660959852380189	1.4271163556401454	-726.4059967956854
0.34979650475875246	0.7241543454603794	-19.27338660868283	0.6502034952412475	1.4271163556401454	-725.7327995525674
0.30933454481876366	0.7363560565831025	-19.253600028186806	0.6906654551812363	1.4271163556401454	-726.4072098608675
0.331150748474374	0.7470606978483505	-19.20510644337546	0.668849251525626	1.4271163556401454	-726.2698945168964
0.3090907408219293	0.7561368696264553	-19.189271081017626	0.6909092591780708	1.4271163556401454	-727.344989138084
0.369619866712821	0.743595707539251	-19.209040461584166	0.630380133287179	1.4271163556401454	-727.2940447730842
0.3215923829146762	0.7283861932090897	-19.272280926390476	0.6784076170853238	1.4271163556401454	-725.837618237708
0.3317260730169769	0.7312954294590522	-19.25561171939186	0.6682739269830231	1.4271163556401454	-724.6634133201455
0.33403605992243496	0.7558908499390167	-19.183485084312743	0.665963940077565	1.4271163556401454	-726.6822221167033
0.3491880037443639	0.7226894543711907	-19.27789039465373	0.6508119962556361	1.4271163556401454	-725.859943511885
0.3182247925647219	0.7402229516124312	-19.234766558511474	0.6817752074352781	1.4271163556401454	-724.9525833874388
0.3306132930693011	0.7456114438559428	-19.208522245052166	0.6693867069306989	1.4271163556401454	-726.490430238524
0.3090907408219293	0.7561368696264553	-19.189271081017626	0.6909092591780708	1.4271163556401454	-727.344989138084
0.35725546396858704	0.7421108691517774	-19.21817954237985	0.642744536031413	1.4271163556401454	-726.0221864856039
0.3244736355605129	0.7292133592816604	-19.26754146857364	0.6755263644394871	1.4271163556401454	-725.2807641604838
0.3317260730169769	0.7312954294590522	-19.25561171939186	0.6682739269830231	1.4271163556401454	-724.6634133201455
0.33403605992243496	0.7558908499390167	-19.183485084312743	0.665963940077565	1.4271163556401454	-726.6822221167033
0.3491880037443639	0.7226894543711907	-19.27789039465373	0.6508119962556361	1.4271163556401454	-725.859943511885
0.31168489404921756	0.744547362847683	-19.22466935053337	0.6883151059507824	1.4271163556401454	-725.5272542024808
0.33072049232623474	0.7442323157463793	-19.213058592664428	0.6692795076737652	1.4271163556401454	-726.1013730510422
0.3090907408219293	0.7561368696264553	-19.189271081017626	0.6909092591780708	1.4271163556401454	-727.344989138084
0.35634406805180807	0.7421595981979499	-19.21830933633815	0.6436559319481919	1.4271163556401454	-725.9522090283996
0.3215608567636037	0.7343113744084223	-19.252720829859445	0.6784391432363963	1.4271163556401454	-724.9755892126799
0.3266015876953079	0.7346839196393465	-19.247699823824835	0.6733984123046921	1.4271163556401454	-724.628738557833
0.3281366039658306	0.7456860329241337	-19.216226293115124	0.6718633960341693	1.4271163556401454	-725.1225475327402
0.3491880037443639	0.7226894543711907	-19.27789039465373	0.6508119962556361	1.4271163556401454	-725.859943511885
0.31168489404921756	0.744547362847683	-19.22466935053337	0.6883151059507824	1.4271163556401454	-725.5272542024808
0.32681822088514706	0.7442968999684312	-19.215438782043403	0.6731817791148529	1.4271163556401454	-725.6442606806293
0.3090907408219293	0.7561368696264553	-19.189271081017626	0.6909092591780708	1.4271163556401454	-727.344989138084
0.3655098247831643	0.7448628759590774	-19.2080818548952	0.6344901752168357	1.4271163556401454	-727.1214909899072
0.31833561251945	0.7356681388521848	-19.249782488305858	0.68166438748055	1.4271163556401454	-725.07753292382
0.32745441147336546	0.7336391051885789	-19.25054545553804	0.6725455885266345	1.4271163556401454	-724.6317985022223
0.3319315537933583	0.7459486922970585	-19.21427871566235	0.6680684462066417	1.4271163556401454	-725.1584420331368
0.3491880037443639	0.7226894543711907	-19.27789039465373	0.6508119962556361	1.4271163556401454	-725.859943511885
0.301144451817559	0.7438178285790519	-19.23007873104316	0.698855548182441	1.4271163556401454	-726.2859696306474
0.32681822088514706	0.7442968999684312	-19.215438782043403	0.6731817791148529	1.4271163556401454	-725.6442606806293
0.3090907408219293	0.7561368696264553	-19.189271081017626	0.6909092591780708	1.4271163556401454	-727.344989138084
0.3655098247831643	0.7448628759590774	-19.2080818548952	0.6344901752168357	1.4271163556401454	-727.1214909899072
0.31833561251945	0.7356681388521848	-19.249782488305858	0.68166438748055	1.4271163556401454	-725.07753292382
0.33394460927463937	0.7321949643659992	-19.251088488483255	0.6660553907253606	1.4271163556401454	-724.7032891813044
0.35387389567139244	0.7361782214289513	-19.23827352826311	0.6461261043286075	1.4271163556401454	-725.8091072009047
0.35175584272730626	0.7215601818515444	-19.280445839635103	0.6482441572726938	1.4271163556401454	-726.1160627022878
0.2947676495257235	0.7340715756602411	-19.26241019761165	0.7052323504742766	1.4271163556401454	-727.1640107879319
0.32681822088514706	0.7442968999684312	-19.215438782043403	0.6731817791148529	1.4271163556401454	-725.6442606806293
0.3091699644993553	0.7560839570898976	-19.189388023837342	0.6908300355006447	1.4271163556401454	-727.3320839776079
0.35046147400641486	0.7446427505473495	-19.21094318937637	0.6495385259935851	1.4271163556401454	-725.669909685655
0.3195150426350234	0.7365599634116888	-19.246702582484804	0.6804849573649766	1.4271163556401454	-725.0081224553874
0.3356570214400832	0.7334855083545796	-19.246926360882625	0.6643429785599169	1.4271163556401454	-724.6734503089882
0.35330077719984176	0.7322227638833491	-19.249684824993327	0.6466992228001582	1.4271163556401454	-725.6817484708638
0.35175584272730626	0.7215601818515444	-19.280445839635103	0.6482441572726938	1.4271163556401454	-726.1160627022878
0.2995851191983635	0.7330139309649153	-19.26393483198929	0.7004148808016365	1.4271163556401454	-726.6456589945853
0.32681822088514706	0.7442968999684312	-19.215438782043403	0.6731817791148529	1.4271163556401454	-725.6442606806293
0.31571941390002484	0.7531676227748515	-19.19655010397814	0.6842805860999752	1.4271163556401454	-726.3821730292184
0.3629197298705974	0.7474695945475925	-19.197974958439953	0.6370802701294026	1.4271163556401454	-727.0989258119735
0.3150578640981884	0.7366094846273786	-19.24779603573608	0.6849421359018115	1.4271163556401454	-725.1822038633081
0.3356570214400832	0.7334855083545796	-19.246926360882625	0.6643429785599169	1.4271163556401454	-724.6734503089882
0.35330077719984176	0.7322227638833491	-19.249684824993327	0.6466992228001582	1.4271163556401454	-725.6817484708638
0.35175584272730626	0.7215601818515444	-19.280445839635103	0.6482441572726938	1.4271163556401454	-726.1160627022878
0.2995851191983635	0.7330139309649153	-19.26393483198929	0.7004148808016365	1.4271163556401454	-726.6456589945853
0.31724282346051363	0.7403297090997202	-19.232490418581083	0.6827571765394864	1.4271163556401454	-725.0943446357304
0.3165104508877204	0.7525353863681026	-19.19789634263409	0.6834895491122797	1.4271163556401454	-726.2759984393036
0.3629197298705974	0.7474695945475925	-19.197974958439953	0.6370802701294026	1.4271163556401454	-727.0989258119735
0.3150578640981884	0.7366094846273786	-19.24779603573608	0.6849421359018115	1.4271163556401454	-725.1822038633081
0.31878850951669885	0.7248330032197468	-19.277214522378948	0.6812114904833011	1.4271163556401454	-725.6118769428838
0.35330077719984176	0.7322227638833491	-19.249684824993327	0.6466992228001582	1.4271163556401454	-725.6817484708638
0.35061646687786896	0.7136966195609418	-19.303131822639617	0.649383533122131	1.4271163556401454	-727.2346325759419
0.2995851191983635	0.7330139309649153	-19.26393483198929	0.7004148808016365	1.4271163556401454	-726.6456589945853
0.3174083800490737	0.7406115942839201	-19.231330696434448	0.6825916199509263	1.4271163556401454	-725.1379051449203
0.3259444660807634	0.7417922518945937	-19.22700537482085	0.6740555339192367	1.4271163556401454	-724.8120623865855
0.3432016996371484	0.737355462452325	-19.233379556475192	0.6567983003628516	1.4271163556401454	-724.8704802461256
0.3131125328174486	0.733297263282576	-19.26142306072155	0.6868874671825513	1.4271163556401454	-726.2732117241661
0.31878850951669885	0.7248330032197468	-19.277214522378948	0.6812114904833011	1.4271163556401454	-725.6118769428838
0.3559668673703767	0.7506231592741401	-19.1966006067109	0.6440331326296234	1.4271163556401454	-727.478362750267
0.36488938501891854	0.7102752698244134	-19.310226355740657	0.6351106149810815	1.4271163556401454	-729.0031681559082
0.28316778759867567	0.7434618322742219	-19.243060098839354	0.7168322124013243	1.4271163556401454	-730.209081551048
0.30553812364557975	0.7421100877055455	-19.23038779748205	0.6944618763544202	1.4271163556401454	-726.0101217403235
0.3259444660807634	0.7417922518945937	-19.22700537482085	0.6740555339192367	1.4271163556401454	-724.8120623865855
0.359219780699676	0.7353333503526912	-19.2346519326851	0.640780219300324	1.4271163556401454	-725.7376584516362
0.31006178441641163	0.7332333652131147	-19.261989523934297	0.6899382155835884	1.4271163556401454	-726.2571990875726
0.31744468210341636	0.7216482014292522	-19.28664337067925	0.6825553178965836	1.4271163556401454	-726.163004159903
0.3483286438583803	0.7448779710732063	-19.214454390240103	0.6516713561416196	1.4271163556401454	-725.9214777720694
0.33921225359618024	0.7248378942856047	-19.273394088528224	0.6607877464038198	1.4271163556401454	-725.1907526352309
0.29119775976984336	0.7442517496289236	-19.23793546773072	0.7088022402301566	1.4271163556401454	-728.9652177704597
0.3088484632704635	0.7420585280258752	-19.22983909710622	0.6911515367295364	1.4271163556401454	-725.694762597214
0.3305811566738842	0.7527809699077723	-19.194472438086667	0.6694188433261158	1.4271163556401454	-726.0337730325693
0.359219780699676	0.7353333503526912	-19.2346519326851	0.640780219300324	1.4271163556401454	-725.7376584516362
0.3045649580678375	0.7418589261025433	-19.2436338700804	0.6954350419321624	1.4271163556401454	-729.262276883407
0.31744468210341636	0.7216482014292522	-19.28664337067925	0.6825553178965836	1.4271163556401454	-726.163004159903
0.3483286438583803	0.7448779710732063	-19.214454390240103	0.6516713561416196	1.4271163556401454	-725.9214777720694
0.3549946091426867	0.7216240861571571	-19.27971475399758	0.6450053908573132	1.4271163556401454	-726.3684480741064
0.29591206465339215	0.743407855539496	-19.23994516381113	0.7040879353466079	1.4271163556401454	-728.917234610006
0.3088484632704635	0.7420585280258752	-19.22983909710622	0.6911515367295364	1.4271163556401454	-725.694762597214
0.3305811566738842	0.7527809699077723	-19.194472438086667	0.6694188433261158	1.4271163556401454	-726.0337730325693
0.34824535700983633	0.7334485565611407	-19.24347669382937	0.6517546429901637	1.4271163556401454	-725.0156774526954
0.30500207257772705	0.7418792946775218	-19.242226168877202	0.694997927422273	1.4271163556401454	-728.4341512026352
0.3204064256301826	0.7286673811198872	-19.265862554525135	0.6795935743698174	1.4271163556401454	-725.1245669291459
0.3483286438583803	0.7448779710732063	-19.214454390240103	0.6516713561416196	1.4271163556401454	-725.9214777720694
0.3549946091426867	0.7216240861571571	-19.27971475399758	0.6450053908573132	1.4271163556401454	-726.3684480741064
0.2898479486494894	0.744007327691143	-19.2411961504215	0.7101520513505106	1.4271163556401454	-730.2905986556684
0.310357653446262	0.7403099683123028	-19.23454288885972	0.689642346553738	1.4271163556401454	-725.499591922563
0.3305811566738842	0.7527809699077723	-19.194472438086667	0.6694188433261158	1.4271163556401454	-726.0337730325693
0.34343827506224733	0.7387096209418914	-19.23014082418027	0.6565617249377527	1.4271163556401454	-724.8823175237475
0.30761822092650726	0.7420603609855451	-19.24054925121036	0.6923817790734927	1.4271163556401454	-728.0499177592981
0.32029441351468974	0.7287971592457481	-19.265513439036845	0.6797055864853103	1.4271163556401454	-725.1199652012588
0.34269710251321345	0.7473857100125275	-19.208113819964467	0.6573028974867865	1.4271163556401454	-725.7477961540403
0.3549946091426867	0.7216240861571571	-19.27971475399758	0.6450053908573132	1.4271163556401454	-726.3684480741064
0.3055171770806946	0.7361794368373706	-19.253711007296623	0.6944828229193054	1.4271163556401454	-726.1815230852133
0.3136939772067253	0.7401485663586491	-19.234098921598296	0.6863060227932747	1.4271163556401454	-725.269308975099
0.3305811566738842	0.7527809699077723	-19.194472438086667	0.6694188433261158	1.4271163556401454	-726.0337730325693
0.366095886672208	0.7376135094606524	-19.227125757748123	0.6339041133277921	1.4271163556401454	-726.4305663241165
0.30718028549970056	0.7421981615419339	-19.24101418556938	0.6928197145002994	1.4271163556401454	-728.5331059615407
0.32527332740103143	0.7263098386579011	-19.26949004802909	0.6747266725989686	1.4271163556401454	-725.4245561868637
0.3215237830249064	0.7562284739349053	-19.190910112709858	0.6784762169750935	1.4271163556401454	-727.1067263403539
0.338382427460295	0.7287721592072142	-19.266268974052196	0.661617572539705	1.4271163556401454	-725.7849518731708
0.3157135855532962	0.7338813369441801	-19.257607102933996	0.6842864144467038	1.4271163556401454	-725.6596202280684
0.3136939772067253	0.7401485663586491	-19.234098921598296	0.6863060227932747	1.4271163556401454	-725.269308975099
0.331829219633492	0.7537145796317134	-19.19154380536937	0.668170780366508	1.4271163556401454	-726.2085169110679
0.3657661637471389	0.7376294605277824	-19.227169634240507	0.6342338362528611	1.4271163556401454	-726.3974974098431
0.3049010620211856	0.7399687040919106	-19.24897586848737	0.6950989379788144	1.4271163556401454	-729.1706620402318
0.3177783723945	0.7328914994861065	-19.257694059876762	0.6822216276055	1.4271163556401454	-725.1051736117311
0.32279101926811554	0.7585605210155455	-19.18410150090293	0.6772089807318844	1.4271163556401454	-727.6014247571029
0.3511779874024683	0.7262139605762913	-19.271594179599372	0.6488220125975317	1.4271163556401454	-727.1869356877993
0.3160285603899065	0.7339049234337465	-19.257415563615254	0.6839714396100935	1.4271163556401454	-725.6358520057929
0.3136939772067253	0.7401485663586491	-19.234098921598296	0.6863060227932747	1.4271163556401454	-725.269308975099
0.33189299934691513	0.7537509967421812	-19.191396549966957	0.6681070006530849	1.4271163556401454	-726.2153705949651
0.361566412238661	0.7373951887830797	-19.229205513244278	0.638433587761339	1.4271163556401454	-725.9886176797991
0.30089884004251505	0.7360538691969982	-19.262956253764177	0.699101159957485	1.4271163556401454	-730.5404704475504
0.3097181284534436	0.734502972927527	-19.254339579421003	0.6902818715465564	1.4271163556401454	-725.4101900994433
0.3217630150042433	0.7623979907359837	-19.174690574807503	0.6782369849957567	1.4271163556401454	-728.800155531308
0.3443504332589532	0.7339938647812856	-19.25055068534053	0.6556495667410468	1.4271163556401454	-726.3702183723561
0.3167169429488992	0.7349415367966449	-19.253944764992596	0.6832830570511008	1.4271163556401454	-725.5108605460754
0.32290740376092036	0.7382988453455803	-19.23904329992656	0.6770925962390797	1.4271163556401454	-724.7506574639375
0.3255535272125201	0.7482482674951263	-19.209391043968534	0.6744464727874799	1.4271163556401454	-725.4006313868172
0.3735855496840056	0.7383163999788491	-19.221759828852424	0.6264144503159944	1.4271163556401454	-727.3176321630842
0.30989423871635974	0.7453017519150646	-19.23055518797695	0.6901057612836403	1.4271163556401454	-728.1285641947029
0.3184671155828821	0.7343743594655014	-19.253382409930524	0.6815328844171179	1.4271163556401454	-725.0690642548636
0.3217630150042433	0.7623979907359837	-19.174690574807503	0.6782369849957567	1.4271163556401454	-728.800155531308
0.3443504332589532	0.7339938647812856	-19.25055068534053	0.6556495667410468	1.4271163556401454	-726.3702183723561
0.31444454223224744	0.7348496395533286	-19.254107544254303	0.6855554577677525	1.4271163556401454	-725.4207394673999
0.328905429516934	0.7370946598872641	-19.2422621358706	0.671094570483066	1.4271163556401454	-724.8140700125632
0.33261754659135057	0.7524532910000585	-19.191789565696407	0.6673824534086494	1.4271163556401454	-726.2926297875866
0.3735855496840056	0.7383163999788491	-19.221759828852424	0.6264144503159944	1.4271163556401454	-727.3176321630842
0.3129102056151978	0.7407220332584982	-19.24089451790431	0.6870897943848022	1.4271163556401454	-726.6964883376903
0.3068975832778419	0.7345444360219934	-19.254648156831013	0.6931024167221581	1.4271163556401454	-725.6089982354499
0.3217630150042433	0.7623979907359837	-19.174690574807503	0.6782369849957567	1.4271163556401454	-728.800155531308
0.3422006738403268	0.7366972298410011	-19.24333069298561	0.6577993261596732	1.4271163556401454	-726.2991603664325
0.31444454223224744	0.7348496395533286	-19.254107544254303	0.6855554577677525	1.4271163556401454	-725.4207394673999
0.328905429516934	0.7370946598872641	-19.2422621358706	0.671094570483066	1.4271163556401454	-724.8140700125632
0.33261754659135057	0.7524532910000585	-19.191789565696407	0.6673824534086494	1.4271163556401454	-726.2926297875866
0.37392679244351695	0.7383057235923598	-19.22164202749272	0.626073207556483	1.4271163556401454	-727.3609979739254
0.3156866921922923	0.7401278686844665	-19.24174725407329	0.6843133078077077	1.4271163556401454	-726.542516748324
0.3155748919942073	0.7405864611021641	-19.233441151435937	0.6844251080057927	1.4271163556401454	-725.0847294766993
#mean_acceptance_fraction=0.6658333333333333
#evaluations=2408
#successes=2408
#complete=1
